ISBN,Name,Content
9787558172137,成功法则:胜天半子,本书分九个法则，内容包括：执着的信念力、强大的担当力、可贵的忠诚力、坚定的目标感、越强的团结力、惊人的适应力、缜密的思考力、惊人的忍耐力、超强的沟通力。
9787010267500,中共中央关于进一步全面深化改革推进中国式现代化的决定,中国共产党第二十届中央委员会第三次全体会议通过的《决定》单行本。
9787547257722,"阳谋:做人要有智慧,做事要有策略",本书从人际交往、生活态度、人情世故、职场法则等角度，结合古今中外的大量经典事例，全面系统地讲述了做人要有智慧，做事要有策略的人生哲学和智慧，将生活中直接、有效的做事方略和做人哲学介绍给读者。
9787516839621,夸孩子我有1000句,"本书是一部充满智慧与温情的家教指南，它如同一盏明灯，照亮了父母与孩子共同成长的道路。书中汇聚了1000句精妙绝伦的夸奖之语，每一句都如同璀璨星辰，不仅点亮了孩子的心灵天空，更激发了他们内在的无限可能。这些夸奖不仅仅只是一些语句，更是爱的传递，它们像种子一样播撒在孩子的心田，生根发芽，最终会绽放出自信与优秀的花朵。
  

  通过本书，家长将学会如何用真挚的情感、恰当的方式去赞美孩子，无论是他们微小的进步，还是日常生活中的闪光点，都能成为夸奖的理由。这种积极的反馈如同温暖的阳光，不断滋养着孩子的心灵，让他们在爱与肯定中茁壮成长，最终将展现出独特的魅力和才华。"
9787576715842,天下无局:《战国策》里的实用智慧,本书是对古代奇书《战国策》中传统智慧与谋略的高度总结与延伸。《战国策》作为一部记录战国时期谋士们政治策略、局势分析、谈判方式、思维逻辑的独特史书，其中展现出的实用智慧，虽历经千年，仍然可以给我们诸多启发，也值得现代人去借鉴、发扬。
9787539681634,说教管教不如言传身教,
9787010263007,中国共产党纪律处分条例,"近日，中共中央印发了修订后的《中国共产党纪律处分条例》(以下简称《条例》)，并发出通知，要求各地区各部门认真遵照执行。
  通知指出，党的二十大对全面加强党的纪律建设作出战略部署。党中央着眼解决大党独有难题、健全全面从严治党体系，对《条例》作了修订。《条例》全面贯彻习近平新时代中国特色社会主义思想和党的二十大精神，从党章这个总源头出发，坚持严的基调，坚持问题导向和目标导向相结合，与时俱进完善纪律规范，进一步严明政治纪律和政治规矩，带动各项纪律全面从严，释放越往后执纪越严的强烈信号，发挥纪律建设标本兼治作用，为以中国式现代化全面推进强国建设、民族复兴伟业提供坚强纪律保障。
  通知要求，各级党委(党组)要担负起全面从严治党政治责任，认真抓好《条例》的贯彻执行，对违反党纪的问题，发现一起坚决查处一起，切实维护纪律的刚性、严肃性。要坚持党性党风党纪一起抓，把《条例》纳入党员、干部培训必修课，增强遵规守纪的自觉。要坚持把纪律挺在前面，促进执纪执法贯通，准确运用“四种形态”，落实“三个区分开来”，把从严管理监督和鼓励担当作为高度统一起来。各级纪委(纪检组)要认真履行党章赋予的职责，强化监督执纪问责，敢于善于斗争，严格执纪、精准执纪，不断推动全面从严治党向纵深发展。各地区各部门在执行《条例》中的重要情况和建议，要及时报告党中央。"
9787574224360,赏识力:夸孩子我有1000句,有句话叫“好孩子是夸出来的不是骂出来的”，这句话充分体现了“期待效应”的含义。这里的“夸”是表扬和鼓励的意思。如果父母能够把“夸”用在孩子的教育上，将得到意想不到的效果。表扬并不是一句简单的“你真棒”或“真聪明”，而是有针对性地去鼓励孩子，给孩子自尊和成就感。本书将1000句正确夸奖孩子的方法进行了全方位的阐述，既具有深入浅出的分析，也提供了多种模板，供父母学习和使用。鼓励和夸奖就像教育孩子的魔法棒，挥动它，让我们一起见证奇迹在孩子身上发生。
9787502078942,塔木德:犹太人的商道和智慧,犹太人被公认为是世界上最聪明、最富有的民族之一，犹太商人更是以高超的经营技巧摘取了“世界第一商人”的桂冠。从享誉欧洲乃至全球的罗斯柴尔德家族到华尔街超级富豪摩根，从绘画大师毕加索到现代物理之父爱因斯坦，从金融大鳄索罗斯到扎克伯格……无一例外都是犹太人。 世界的财富在犹太人的口袋里，犹太人的财富在自己的脑袋里。犹太人坚信：世界上只有三样东西是别人抢不走的，一是吃进胃里的食物，二是藏在心里的梦想，三是读在脑海里的书。犹太人能够历经坎坷而不散，久经磨难而兴盛，最关键的秘密就在《塔木德》中。 《塔木德》中的智慧，从小就被犹太人根植到代表民族未来的理念之中。在犹太民族中流传着这样一句话：“为了贫穷的女孩子的一份嫁妆，可以在犹太教堂把《圣经》卖掉。为了这个女孩子一生富足，她的嫁妆里必须要有一部《塔木德》。” 《塔木德》在世界上广泛流传，尤其是犹太人，人手一册， 从生到死一直研读，常读常新。 本书精选《塔木德》中的商道与处世箴言，结合犹太人的历史经验及其成功的精彩案例，演绎发挥其中的智慧和谋略，使读者在感受犹太人智慧的同时，增强对商道与处世智慧的运用能力，进而助力成功。
9787010237268,中华人民共和国简史(小字本),《中华人民共和国简史》坚持以习近平新时代中国特色社会主义思想为指导，以《关于建国以来党的若干历史问题的决议》和习近平总书记关于党史、新中国史的重要论述为依据，紧密结合新中国成立70多年来在社会主义革命、建设、改革开放和新时代中国特色社会主义的伟大实践，充分吸收学界最新研究成果，讲好中国共产党故事、新中国故事、新时代中国特色社会主义故事，讲好普通人、普通家庭与共和国同成长、共命运的故事，讲好中国共产党为什么“能”、马克思主义为什么“行”、中国特色社会主义为什么“好”，内容准确翔实、叙述平实顺畅，条理严谨清晰，细节鲜活生动，是广大党员、干部、群众学习新中国史的权威著作。
9787572617232,赛道影响未来:高中生多元升学规划,"本书是帮助中学生及家长打破高考升学信息壁垒，了解多元升学路径、规划多元升学的方法书。
  由于信息的分散性和不对称性，让家长和考生在众多的选择中频频犯难，经常会产生诸如“XX升学途径究竟是做什么的？”“具体的报名流程是什么？”“我家孩子符不符合报名条件？”“真实的就业情况和薪资待遇情况如何？”这样的疑问。作者团队根据高考政策、高校数据收集，十余年报考指导经验，详细解读统招批次外的多元升学途径，例如强基计划、综合评价招生，港澳升学，三大招飞等等。本书旨在打破多元升学的信息壁垒，在纷繁复杂的升学体系中抽丝剥茧，为家长和考生明晰升学路径。从专业解读、报名要求及流程、就业路径、对口专业定向、行业特色院校、岗位薪资待遇等多个角度切入，结合真实事例和翔实数据，帮助家长和考生拨云见日，选择真正适合考生的升学路径，拓展孩子未来更多的可能性。"
9787507350463,论教育(普及本),"教育是民族振兴、社会进步的重要基石，是功在当代、利在千秋的德政工程。党的十八大以来，以习近平同志为核心的党中央坚持把教育作为国之大计、党之大计，坚持教育优先发展，作出加快教育现代化、建设教育强国的重大决策，推动新时代教育事业取得历史性成就、发生格局性变化。我国已建成世界上规模最大的教育体系，教育现代化发展总体水平跨入世界中上国家行列。习近平同志围绕教育发表的一系列重要论述，科学回答了“培养什么人、怎样培养人、为谁培养人”的根本问题，深化了对我国教育事业的规律性认识，对于新时代新征程办好人民满意的教育，全面贯彻党的教育方针，培养德智体美劳全面发展的社会主义建设者和接班人，为全面推进中华民族伟大复兴提供有力支撑，具有十分重要的指导意义。
  《论教育》一书，收入党的十八大以来习近平同志关于教育的文稿共四十七篇，其中部分文稿是第一次公开发表。本书有助于广大干部群众深入学习、贯彻习近平同志关于教育的重要论述。"
9787555022220,如何与班主任沟通,"和班主任沟通是一种“表态”,让孩子得到更针对性的教育，有利于孩子健康成长！"
9787554623121,决胜大学:你的大学该如何度过,本书共五章。第一章介绍高考过后的假期如何度过才更有价值；第二章分析了关于转专业的几种常见情况，包括转专业的相关信息在哪里查询及具体要做哪些准备；第三章列举了除学习专业知识以外，还有哪些活动事项可以有效提升自身的核心竞争力；第四章为想要继续深造的学生提供了一些建议，主要涉及保研、考研、出国留学和专升本；第五章汇总了毕业季值得注意的相关事项。
9787548469025,句透人生,本书收录中外名言金句，多出于名人之口和名著中，分为“星辰大海”“乘风破浪”“人生感悟”“人间清醒”“拨云见日”“披星戴月”“人情冷暖”“今世尘缘”等版块。
9787514522723,21天成为管理高手,做管理，不仅仅是安排任务、制定计划那么简单，更多的是关于如何理解他人、调动团队的积极性、化解冲突并促进合作。在这个过程中，情商的高低往往直接决定了管理的效果与团队的凝聚力。作者在多年的咨询和培训经验中，研究并总结出一套独特的高情商管理模式。分别从心理、激励、奖惩、沟通等多方面展开剖析，带大家深入了解每个员工和团队的特点，有针对性采用不同的策略，打破管理中的困境，释放团队的无限活力。读完本书，你会发现，自己也可以成为一个高情商的管理者。
9787557010782,成大事者处世101箴言,本书共六章，内容包括成大事者处世讲究心态、成大事者处世关心人缘、成大事者处世关注尺度、成大事者处世善用智、成大事者处世追求生命的价值、成大事者处世看重品行。
9787511069283,"孩子的成长,妈妈的修行",《孩子的成长，妈妈的修行》是一本写给家长的解压书，帮助家长们尤其是妈妈缓解养育孩子中的焦虑，从而有能量与孩子共同成长。本书以亲子沟通为切入点，还原各种养育场景，提供科学的沟通话术与教育技巧。在帮助家长缓解情绪压力的同时，改善亲子关系，促进孩子与家长的双向成长。养育孩子是一场修行，养的是孩子，修的却是家长自己。只有修好自己，才能养育自信快乐的孩子。希望家长们可以从这些真实的案例中获得启发，积极从容地面对养育困境，做平和智慧的父母。
9787511067449,"回话有招:高情商回话术,开口就让人喜欢",《回话有招》是一本生活中非常实用的有关回话的沟通类书籍。书中收录了300个左右的接话难题，涵盖到了情感、演讲谈判、求职面试、日常饭局等格类场合。读者可以找到自己当前因扰的场昊进行模仿学习，同时书中还利用故事、案例、漫画等形式帮助读者更快速地理解这些回答技术的缘由和示范，运用起来更无压力。在运用之前或之后可以通过各章节的技巧小结来进行预习与复盘，从而更好地掌握其中的方法之道，形成自己内在的一套使用逻辑，达到融会贯通、举一反三的效果。
9787519478193,点醒人生:心灵成长的金句宝典,本书一共分为情感篇、性格篇、生活篇、心态篇、情绪篇、励志篇、哲理篇7篇，每个大类下又划分多个小类，主题涵盖生活的方方面面，这些句子都是人生智慧的高度提炼，是浓缩的精华，可以温暖人心，让人豁然开朗，瞬间通透；可以激励人心，让人奋发向上，少走弯路；可以给人生活的启示，更好地参透人生，立身处世，做复杂世界的明白人；可以当写作、演讲、交际、处世、文案、汇报方面的工具书，总有一处用得着。
9787547257852,图解博弈论,本书详细介绍了纳什均衡、囚徒困境、智猪博弈、猎鹿博弈等博弈模型的内涵、适用范围、作用形式，同时对博弈论在政治、管理、营销、信息及其他方面的应用作了剖析。
9787555710653,玩的就是心计,本书立足现实，取材于我们熟悉的生活，将各种心计予以分类，是内容全面、技巧丰富、方法实用的为人处事心计谋略宝典，是极具实用价值的精华读本。
9787040617405,马克思主义理论研究和建设工程重点教材.国家安全教育大学生读本,本书以习近平新时代中国特色社会主义思想为指导，贯彻落实习近平总书记关于总体国家安全观重要论述，体现中央有关总体国家安全观的基本精神，系统阐释总体国家安全观的科学内涵和核心要义。全书共分为十个部分。导论部分主要介绍我国国家安全面临的形势、我国国家安全工作的战略部署和重点任务；第一章主要介绍总体国家安全观的形成、内涵、领域及其特征；第二章主要介绍统筹发展和安全这一我们党治国理政的重大原则；第三章至第八章以总体国家安全观的“五大要素”为主线，从各领域各方面介绍总体国家安全观的具体内容；第九章主要介绍新时代大学生践行总体国家安全观的基本要求。
9787554624067,表扬和批评的父母话术,本书列举了表扬实例、批评实例，并没有采用什么特别的语言，有的只是情绪平和、朴实温和的语言。正是这些平实的语言，可以给孩子带来信心和勇气，可以促进亲子之间互相尊重、信赖的关系的形成，可以让孩子拥有前进的动力和治愈的童年。此外，本书的每一节都包含了不恰当的话术，希望能帮助家长发现跟孩子在沟通中存在的问题。同时，本书还给出一些合理的话术建议，旨在帮助家长提高亲子沟通效率，做会表扬、会批评的优质家长。
9787521760323,DK时间线上的全球史,本书将世界史上的里程碑式事件和重要历史人物排列在一条时间线上，带领读者沿着时间长河顺流而下，看到帝国的成败、文明的演化、科技的进步，从人类学会用火到大型强子对撞机的建造，从亚历山大的征服到亚非拉国家的独立，从中国的诸子百家到欧洲的启蒙运动，一览人类是如何历经400万年的时光走到今天。这本书搭建了一目了然的时间脉络，为我们提供了看待全球历史的整体视角，我们可以轻松对照不同国家、不同文明在同一时期的历史：当君士坦丁大帝统一罗马之时，中国陷入了动荡的十六国时期；郑和第七次下西洋之时，圣女贞德被英国人送上了火刑柱；牛顿运动定律发表之时，古希腊帕提侬神庙被威尼斯人炸毁；在慈禧太后掌握中国大权之时，南丁格尔开办了最早的护士学校……本书涵盖五大洲各主要文明和国家的约1500个历史事件，搭配近1000张精美插图和照片，其中有远古的岩画、希腊罗马的雕塑、拜占庭的马赛克、中国的水墨画、波斯的细密画、日本的浮世绘、近代欧洲的油画，还有各地世界遗产建筑和博物馆中珍贵文物的照片。通过这本书不仅可以轻松了解历史，也能给获得美的体验，值得反复欣赏和收藏。
9787201204222,中国古代文化常识,《中国古代文化常识》原为王力先生主编的汉语言专业大学教材《古代汉语》通论部分中的“古代文化常识”，由马汉麟先生执笔。由于自成体系且架构完整，曾数次作为独立著作出版。全书分为天文、历法、乐律、地理、职官、科举、姓名、礼俗、宗法、宫室、车马、饮食、衣饰、什物十四章，涉及广泛，内容详明，知识性强，自成体系。每章结合古代著作里的案例讲解最核心的概念或常见的习俗、器物。干货满满。行文平易简洁，雅俗共赏，为学习中国古代文化知识之入门经典。从天文历法到衣食住行，一本书讲透古代文化的方方面面。
9787040609127,中等职业学校教科书.历史(基础模块)-中国历史,《历史 基础模块 中国历史》依据《中等职业学校历史课程标准(2020年版)》，由教育部组织编写。本书分时期讲述我国古代在政治、思想、文学、科技、艺术、手工业等领域的代表性人物和成果，涵盖中华优秀传统文化所包含的核心思想理念、传统美德、人文精神和各个时期在经济、文化、科技等领域取得的重大成就，并通过插图展示中国传统书画、雕塑、器物等艺术作品；具体内容包括中国古代史、中国近代史和中国现代史，充分反映中华文明5000多年的历史、中国人民近代以来180多年争取民族独立富强和中国共产党100多年的奋斗史，反映人类社会发展的基本规律和趋势。本书共设13个单元31课，教学时数为45学时；框架结构分单元、课、目3个层次；每单元由导语和2～4课组成；每课包括导入语、正文、栏目等内容；书中的栏目主要包括单元导语，课导入语、导入图，思考点，历史纵横，人物扫描，学习探究和拓展阅读。
9787515839684,回话有分寸,《回话有分寸》是一本关于人际沟通的社科读物。该书作者结合日常人们的沟通所需，采用场景化讲解的方式，形象介绍了多种适用的沟通技巧。全书分为六章，分别讲解了听懂言外之意、抓住沟通重点、表达时逻辑要缜密、用幽默感增强沟通效果、学会委婉拒绝别人、把握好沟通的分寸等内容。作者以图文并茂的形式，叙述了网络时代人际关系沟通的原理和方法。具体内容包括沟通主体之间相互的思想基础、沟通的语言运用、情商的提炼以及人际关系的经营等。言简意赅，通俗易懂，不仅仅适合在校学生、职场人士阅读，同时也符合各个年龄层次、不同社会身份读者的阅读趣味。
9787010232034,中国共产党简史(32开),"在中国共产党成立1 0 0周年之际，经党中央批准，由中央宣传部组织编写的《中国共产党简史》（以下简称《简史》），已由人民出版社、中共党史出版社联合出版，即日起在全国发行。 
 
《简史》是按照党中央部署，为配合全党开展党史学习教育编写的党史简明读本。在书稿编写过程中，中央领导同志多次就起草和修改工作提出明确要求。
 
《简史》共10章，70节，约36.2万字，充分吸收党史研究最新成果，以史论结合的形式，重点叙述和评价重大历史事件和重要历史人物、重大方针政策和重要战略部署、重大理论创新成果及其发展历程；深入阐释中国共产党为什么“能”、马克思主义为什么“行”、中国特色社会主义为什么“好”的道理；着力弘扬中国共产党人的崇高革命精神和风范；深刻解读历史性变革中蕴藏的内在逻辑，历史性成就背后的道路、理论、制度、文化优势，文风朴实、通俗易懂，是全党特别是基层党员干部学习党的历史的重要读物。"
9787516839690,21天成为家教高手,"本书是一本为家长量身定制的教育指南。书中通过一个个真实的家庭教育场景，详细分析了父母在教育孩子的过程中可能遇到的问题，如校园霸凌、作业辅导、网络沉迷……并提供了实用的解决方法，
成为一名优秀的父母不可能一蹴而就，而是需要不断学习和实践。书中的每一个案例都以对话的形式展开，让读者能够更加深入地理解问题的本质，并学会如何在日常生活中应用这些方法。
本书不仅是一本家教手册，更是一本关于爱、沟通和共同成长的情感之作。它告诉每一位家长如何在充满挑战的教育孩子之路上，用心去理解和接纳每一个孩子的独特性，以及如何用无条件的爱来培养孩子，使之成为更好的自己。"
9787300291659,治大国若烹小鲜:基层治理与世道人心,本书是作者发表在人民日报海外版微信公众号“侠客岛”“学习小组”的评论文章的合集。这些文章以抽丝剥茧的分析为特色，阅读量大多达“10万+”。本书以“透视基层”为主题，分析了基层乱象、微腐败和基层负担重等热点问题，并对基层干部如何作为、基层改革如何进行提出了独到见解。本书以小见大，基于新闻案例和实地调查材料，剖析基层治理的难点、堵点、痛点，力图呈现中国之治在基层的复杂实践。本书真实再现巨变中的基层实践，揭示基层运行规律，从中发现真问题，并提出切合实际的解决思路和办法。
9787507348057,论中国共产党历史(普及本),"《论中国共产党历史》收入习近平同志关于中国共产党历史的重要文稿40篇。其中部分文稿是首次公开发表。
  历史是最好的教科书。党的十八大以来，习近平同志围绕中国共产党历史发表了一系列重要论述，系统回顾我们党团结带领中国人民不懈奋斗的光辉历程，深入总结党在各个历史时期创造的理论成果、积累的宝贵经验、铸就的伟大精神，深刻阐明党为中华民族作出的伟大贡献、为解决人类问题提供的中国智慧中国方案，展望党和人民事业发展的光明前景。这些重要论述立意高远，内涵丰富，思想深刻，是习近平新时代中国特色社会主义思想的重要组成部分。习近平同志《论中国共产党历史》的出版发行，对于广大干部群众学好党的历史，增强“四个意识”、坚定“四个自信”、做到“两个维护”，决胜全面建成小康社会、开启全面建设社会主义现代化国家新征程、实现中华民族伟大复兴的中国梦，具有十分重要的指导意义。"
9787514710298,习近平新时代中国特色社会主义思想学习问答(小字本),本书是按照中央要求，组织专家学者对习近平新时代中国特色社会主义思想所涉及的深层次理论与实践问题，以及党员干部群众关心的热点难题问题，作出深入浅出的权威回答。全书共100个问题，文风生动活泼，准确系统展现了习近平新时代中国特色社会主义思想的核心要义、精神实质、丰富内涵、实践要求，深刻阐明了这一思想的时代意义、理论意义、实践意义、世界意义。本书以问答的形式出版，是推动党的创新理论“飞入寻常百姓家”的一项创举，必将进一步推动这一思想通俗化、大众化，进一步推动这一思想入脑入心，更好凝聚起新时代新征程强大的奋进力量。
9787509763247,筚路维艰:中国社会主义路径的五次选择,本书以简明清晰的文字对当代中国的历史轨迹作了逻辑梳理。作者认为，从执政党的建国方略、发展模式和基本政策角度考察，中国社会主义的实践路径经历了从实行新民主主义开始，途经仿效苏联模式、追寻赶超之路、发动继续革命和实行改革开放的五次历史选择。改革开放是实现中华民族复兴之梦的正途大道。
9787520216210,大唐气象(全三册),"本书详细讲述了从隋帝国开始崩塌、隋唐鼎革、玄武门之变、贞观之治、武周代唐、开元盛世至安史之乱结束的一百六十多年的一段历史。

在基建狂魔隋炀帝连番追求规模效应的操作下，隋王朝开始出现系统性崩溃，十八路反王揭竿而起，六十四路烟尘风云滚滚，驻守在太原的李渊父子择机而动，天赋异禀的李世民与他的凌烟阁二十四功臣迎来了属于他们的时代。他精明的成本核算与超常的时机把握能力、雀鼠谷一役展示的天神般的战力、水能载舟亦能覆舟的理性、天下英雄尽入吾彀中的豪气、丝绸之路的开拓与周边少数民族的心悦诚服……使动乱了三百多年的华夏大地积攒的能量适时喷发，大唐帝国蓬勃的生命力喷涌而出。

在历史惯性的驱动下，经历了武周暗黑的酷吏时代、武韦集团的祸乱，底蕴雄厚的大唐在忠唐集团的帮助下，又回到了正轨，迎来了李隆基治下近三十年的开元盛世。但任何一个王朝都禁不住一再历经劫难，当从武周时代就离心的周边少数民族对中原又开始了新一轮的攻击，当李林甫、杨国忠、安禄山等人成为李隆基绝对信任的人……历史的裂缝已悄然侵蚀着大唐的国运，直到安史之乱爆发。虽然有郭子仪、李光弼、李泌、张巡、颜真卿等人再造大唐，但开放包容、大气雄浑的大唐一去不复返了，从此进入与地方节度使博弈的藩镇割据时代，一直到唐祚的终结。

大唐出道即巅峰，撑起了古代中国的天花板，那流光溢彩的盛世辉煌，是很多人心中的白月光，但对于大唐，我们的心里似乎总有一丝丝遗憾……"
9787507348088,毛泽东邓小平江泽民胡锦涛关于中国共产党历史论述摘编(普及本),"在隆重庆祝中国共产党成立一百周年之际，为配合在全党开展的党史学习教育，编者编辑了《毛泽东邓小平江泽民胡锦涛关于中国共产党历史论述摘编》。
    本书内容，分别摘自毛泽东同志、邓小平同志、江泽民同志、胡锦涛同志的讲话、报告、谈话和书信等重要文献，共计一百四十一段论述。其中部分论述是第一次公开发表。"
9787574219076,5分钟漫画说话成事,本书在展示会说话的威力和价值的基础上，阐述了在工作和生活的各个方面如何运用说话的技巧来成事。
9787521768527,智人之上,"在过去10万年里，人类建立大型合作网络，以此积攒了巨大的力量。然而，持续不断的发明与征服也将人类推入了一场生存危机。全球生态濒临崩溃，虚假信息泛滥。我们正一头扎进可能毁灭我们自身的、由新型信息网络组成的人工智能时代。
  人类如此智慧，为什么却总是倾向于自我毁灭？我们为什么走到了生态和技术自杀的边缘？当非人智能威胁到人类的生存时，人类如何做出明智的选择？
  从口口相传的故事，到文字书写，再到人工智能，《智人之上》透过大历史的长镜头，讲述信息网络如何塑造了我们和我们的世界，邀请我们思考信息与真相、神话与官僚制度、智慧与权力之间的复杂关系，探讨不同的社会结构在试图构建信息网络时面临的关键困境。
  如果我们拓宽视野，看看人类的信息网络在过去几千年如何发展，我们也许可以更了解今日与未来发生的事情。"
9787040609073,中等职业学校教科书.思想政治(基础模块)-中国特色社会主义,书稿是教育部组织编写的中等职业学校思想政治国家统编教材之一。以习近平新时代中国特色社会主义思想为指导，按照“五位一体”总体布局的逻辑顺序，介绍中国特色社会主义的开创、坚持、捍卫、发展，中国特色社会主义经济建设、政治建设、文化建设、社会建设、生态文明建设等基本内容，阐明新时代中国特色社会主义的战略安排，引导学生树立对马克思主义的信仰、对中国特色社会主义的信念、对中华民族伟大复兴中国梦的信心，坚定中国特色社会主义道路自信、理论自信、制度自信、文化自信，认清自己在实现中国特色社会主义新时代发展目标中的历史机遇与使命担当，立志听党话、跟党走，在新时代新征程中健康成长、成才报国。
9787504781512,胜天半子,在我们的传统文化观念里，“人定胜天”是一个最为深邃和经典的精神符号，所以才会有大禹治水、思公移山的精神传承。来到今天的社会现实中，打铁还需自身硬，每个华夏儿女的自我提升和自我奋斗，都将汇入民族伟大复兴的洪流里。纵观二十四史，遍览群星英家，可知只有不断实现个体自我提升和超越，才能在时代潮头的大棋局上棋高一招、胜天半子。本书从立身、权衡、博弈等三个层面，解读了中国历史上赫赫有名的数十位帝王将相的做事、成事方法策略，抽丝剥茧地对这些历史人物和故事进行细节剖析，力图为大众读者提供一些朴素、实用、积极的人生智慧，成为我们洞悉人性、练达人情、成就自我的精神根基。
9787511327079,懂博弈的女人最幸福,本书运用经济学范畴的博弈理论诠释生活现象，为寻找幸福的女人提供一些实用性的博弈技巧，让广大女性朋友明白如何选择爱情和面包，从而更好的平衡于工作和家庭，更好地把握现实生活，做一个真正意义上的幸福女人。
9787511068194,沟通有道,
9787203133353,赚钱之道:写给普通人的致富心理学,"本书是一部关于大众创业、勤劳致富案例的图书，也是一部大众通俗读物，其写作目的在于总结前人的致富经验，为后来者提供教训和启示。
  本书作者长期关注大众创业、致富的经典案例、名人故事，从复利思维、自我定位、自我管理、心理建设、资金安全等维度，对财富增值的充分必要性条件做系统的阐述和分析，并以大量的正反两方面的案例做了充分的佐证，既有理论叙述，又有实战分析，具有较强的可读性和实践性，对普通读者有很好的启示意义。"
9787515839660,沟通有尺度,"本书旨在探讨沟通的艺术与智慧，帮助读者在沟通的过程中把握适当的尺度，避免沟通中的陷阱与误区。我们生活在一个信息爆炸的时代，每天都需要处理大量的信息输入与输出，如何在这个纷繁复杂的世界中保持沟通的清晰与有效，是每个人都必须面对的挑战。本书通过深入浅出的方式，结合丰富的案例与理论，帮助读者理解沟通尺度的内涵与外延，掌握沟通的艺术。
  在本书的编写过程中，我们参考了国内外众多关于沟通学、心理学、社会学等领域的经典著作与最新研究成果，力求为读者提供一个全面、系统的沟通体系。同时，我们也结合了现实生活中的具体情境，通过问答的方式，让读者能够更直观地理解沟通尺度的应用与实践。"
9787010009223,毛泽东选集(第1卷),这部选集，包括了毛泽东同志在中国革命各个时期中的重要著作。几年前各地方曾经出过几种不同版本的《毛泽东选集》，都是没有经过著者审查的，体例颇为杂乱，文字亦有错讹，有些重要的著作又没有收进去。现在的这部选集，是按照中国共产党成立后所经历的各个历史时期并且按照著作年月次序而编辑的。这部选集尽可能地搜集了一些为各地方过去印行的集子还没有包括在内的重要著作。选集中的各篇著人，都经著者校阅过，其中有些地方著者曾作了一些文字上的修正，也有个别的文章曾作了一些内容上的补充和修改。下面有几点属于出版事务的声明：第一，现在出版的这个选集，还是不很完备的。由于国民党反动派对于革命文献的毁灭，由于在长期战争中革命文献的散失，我们现在还不能够找到毛泽东同志的全部著作，特别是毛泽东同志所写的许多书信和电报（这些在毛泽东同志著作中占很大的部分）。第二，有些曾经流行的著作，例如《农村调查》，遵照著者的意见，没有编入；又如《经济问题与财政问题》，也遵照著者的意见，只编进了其中的第一章（即《关于过去工作的基本总结》）。第三，选集中作了一些注释。其中一部分是属于题解的，附在各篇第一页的下面；其他部分，有属于政治性质的，有属于技术性质的，都附在文章的末尾。第四，本选集有两种装订的本子。一种是各时期的著作合订的一卷本，另一种是四卷本。四卷本的第一卷包括第一次国内革命战争时期和第二次国内革命战争时期的著作；第二卷和第三卷包括抗日战争时期的著作；第四卷包括第三次国内革命战争时期的著作。
9787520814799,犹太人的赚钱智慧:塔木德48条经商法则,犹太人在经商方面的才能与天赋令世人叹服。本书以犹太人的经商智慧为主题，从多个方面入手，分析了犹太人在商业领域取得成功的原因，娓娓道来犹太人的经商法则精华，详细讲述了犹太人的经商理念、赚钱技巧以及为人处世的智慧，讲述了犹太人对于金钱、财富与商业的态度，为广大读者展示了在商场中叱咤风云的犹太商人的智慧与魅力。本书作为启蒙读本，是了解犹太商人的窗口，也是经商人士必读的经典之作，希望能对广大读者有所启发。
9787520435475,成为学霸:从大学选起(下),本书对山东、安徽、江苏、上海、湖北、湖南、广东等地的百余所优质高校进行解读，包括学校速递、光辉岁月、文化长廊、名校风采、专业聚焦5大板块。
9787520435468,成为学霸:从大学选起(上),本书对北京、天津、黑龙江、吉林、辽宁、陕西等地的百余所优质高校进行解读，包括学校速递、光辉岁月、文化长廊、名校风采、专业聚焦5大板块。
9787513946926,强者破局:资治通鉴成事之道,"“冯唐讲资治通鉴系列”重磅之作。战略管理专家冯唐写给所有人的破局心法！
  冯唐将40年《资治通鉴》研读智慧与自己在麦肯锡、华润、中信的管理实战经验相融合，提炼出一套适合现代人读得懂、用得上的成事实操指南！
  深入解读1300年历史中的底层逻辑，帮助大家站在古人成事智慧的基础上懂人性、知谋略、明得失。
  《胜者破局》用《资治通鉴·秦纪》《资治通鉴·汉纪》突围制胜的案例，讲述现代成事与破局之道，不打不必要之仗，先胜而后战，在复杂多变的现代社会中，用老祖宗的经验，打好自己的牌！
  写给所有想要更深入理解人性，掌握策略，提升决策能力，拥有强大内核，领先一步的所有人！"
9787304120870,肖秀荣2025考研书系.2025考研政治1000题(全3册),本书分为试题分册、解析分册、刷题本三册，内容包括：马克思主义基本原理、毛泽东思想和中国特色社会主义理论体系概论、习近平新时代中国特色社会主义思想概论、中国近现代史纲要、思想道德与法治等。
9787511070227,财道:财富自由的底层逻辑,本书主要内容包括：你离财富自由是近还是远；那些“有毒”的财富观念；财富自由之前必须要走的路；让理财成为你的“左膀右臂”；活在当下是*好的财富自由。
9787541167478,当妈是一种修行,《当妈是一种修行》是一本写给焦虑家长的解压书，能够消解家长尤其是妈妈们在教育孩子的过程中所产生的各种各样的焦虑，展现科学的教育哲学。本书用真实的案例启发读者，将自己的亲身体会娓娓道来，从而帮助妈妈们更好地调节自身的感情，从而对孩子产生积极的影响。
9787557695712,用思维导图读懂儿童心理学,本书共分六章，内容包括：解密儿童行为、如何培养良好习惯、学会情绪管理、读懂儿童性格心理、解决学习问题、二宝家庭的顾虑。
9787546433844,阳谋:突破现实困境的历史智慧,"阳谋,是针对阴谋而言的。它是根据现有条件，在不影响别人、也不依赖别人的前提下,因势利导、光明正大地通过改变自己的资源配置，提高效率，达到总体更好的结果或实现更高的希望。相比阴谋，阳谋来得更堂堂正正,但却更加的无解,让你明知道这是个坑,也得往里跳,不跳不行。"
9787040599022,马克思主义理论研究和建设工程重点教材.思想道德与法治(2023年版),本书是马克思主义理论研究和建设工程重点教材。本书编写组在2021年版的基础上，为进一步推动习近平新时代中国特色社会主义思想进教材、进课堂、进头脑，贯彻落实党的二十大和十九届六中全会精神，中宣部、教育部组织对教材进行了修订。本书立足于大学生的思想实际和生活实际，立足于思想政治理论课的教学需要，对大学生应该具备的理想信念、爱国主义、人生观、道德观、法律观等相关理论进行了充分论述，对于提高大学生的思想道德素质和法治素质具有非常重要的意义。
9787010009230,毛泽东选集(第2卷),这部选集，包括了毛泽东同志在中国革命各个时期中的重要著作。几年前各地方曾经出过几种不同版本的《毛泽东选集》，都是没有经过著者审查的，体例颇为杂乱，文字亦有错讹，有些重要的著作又没有收进去。现在的这部选集，是按照中国共产党成立后所经历的各个历史时期并且按照著作年月次序而编辑的。这部选集尽可能地搜集了一些为各地方过去印行的集子还没有包括在内的重要著作。选集中的各篇著人，都经著者校阅过，其中有些地方著者曾作了一些文字上的修正，也有个别的文章曾作了一些内容上的补充和修改。
9787010009247,毛泽东选集(第3卷),这部选集，包括了毛泽东同志在中国革命各个时期中的重要著作。几年前各地方曾经出过几种不同版本的《毛泽东选集》，都是没有经过著者审查的，体例颇为杂乱，文字亦有错讹，有些重要的著作又没有收进去。现在的这部选集，是按照中国共产党成立后所经历的各个历史时期并且按照著作年月次序而编辑的。这部选集尽可能地搜集了一些为各地方过去印行的集子还没有包括在内的重要著作。选集中的各篇著人，都经著者校阅过，其中有些地方著者曾作了一些文字上的修正，也有个别的文章曾作了一些内容上的补充和修改。下面有几点属于出版事务的声明：第一，现在出版的这个选集，还是不很完备的。由于国民党反动派对于革命文献的毁灭，由于在长期战争中革命文献的散失，我们现在还不能够找到毛泽东同志的全部著作，特别是毛泽东同志所写的许多书信和电报（这些在毛泽东同志著作中占很大的部分）。第二，有些曾经流行的著作，例如《农村调查》，遵照著者的意见，没有编入；又如《经济问题与财政问题》，也遵照著者的意见，只编进了其中的第一章（即《关于过去工作的基本总结》）。第三，选集中作了一些注释。其中一部分是属于题解的，附在各篇第一页的下面；其他部分，有属于政治性质的，有属于技术性质的，都附在文章的末尾。第四，本选集有两种装订的本子。一种是各时期的著作合订的一卷本，另一种是四卷本。四卷本的第一卷包括第一次国内革命战争时期和第二次国内革命战争时期的著作；第二卷和第三卷包括抗日战争时期的著作；第四卷包括第三次国内革命战争时期的著作。
9787010009254,毛泽东选集(第4卷),《毛泽东选集(第4卷)》(平装)包括了毛泽东同志在中国革命各个时期中的重要著作。几年前各地方曾经出过几种不同版本的《毛泽东选集》，都是没有经过著者审查的，体例颇为杂乱，文字亦有错讹，有些重要的著作又没有收进去。现在的这部选集，是按照中国共产党成立后所经历的各个历史时期并且按照著作年月次序而编辑的。这部选集尽可能地搜集了一些为各地方过去印行的集子还没有包括在内的重要著作。
9787522919034,向上社交:突破圈层与高手相交的心理学,本书围绕“向上社交”展开，结合现实生活中的社交案例，告诉读者向上社交的必要性，并给出具体有效的社交策略，助读者提升社交高度，真正跳出自己的圈子，实现向上社交。
9787557698393,情绪和心理急救,本书针对大家工作和生活中经常出现的情绪和心理问题进行了归纳，总结出人们面对各种情绪和心理问题时应该如何调节，如何自救，并学会以轻松、愉悦的心情面对，从而能更轻松地去工作和生活。
9787557031589,如果历史是一群喵(13)-大明皇朝篇(特典版),带你细读这个中国 话题感十足的朝代！《如果历史是一群喵》第十三卷“大明皇朝篇”讲述元末群雄争斗结束后，一路逆袭上位的开国皇帝朱元璋正式拉开了大明帝国的帷幕，开启繁华的洪武盛世。本卷将以明太祖、明英宗、明武宗、明世宗等帝国统治者为主线，描摹出大明皇朝兴衰演变的历史画卷，聊聊这些与众不同的皇帝们以及他们各自的传奇故事。
9787519478117,"阳谋:越是光明正大,越是所向披靡",本书根据古往今来的阳谋事例，总结出一套适合当代人学习和修炼的阳谋立身之法，主要包括修心、立志、律己、运筹、应变、借势、识人、成事。
9787574219069,学会强势,本书教给大家如何能按照自己内心的意愿行事，不受他人的掌控，让你做回自己，获得交往中的主导权。书中通过一系列的方法和练习，教会你强势法则，建立起一整套强势的心理模式和话语模式，快速掌握强势的奥秘，在人际交往中摆脱脆弱、被动的弱势心理局面，让你一步一步实现你的强势。
9787552044041,复制领导力,本书主要内容包括：如何当领导；领导者的误区；树立威信；怎么沟通；怎么打造“狼性”团队；怎么开会；怎么提升业绩；薪酬与制度；怎么提高凝聚力；怎么管理问题下属；怎么招人、用人、留人。
9787507350470,论教育(大字本),"教育是民族振兴、社会进步的重要基石，是功在当代、利在千秋的德政工程。党的十八大以来，以习近平同志为核心的党中央坚持把教育作为国之大计、党之大计，坚持教育优先发展，作出加快教育现代化、建设教育强国的重大决策，推动新时代教育事业取得历史性成就、发生格局性变化。我国已建成世界上规模最大的教育体系，教育现代化发展总体水平跨入世界中上国家行列。习近平同志围绕教育发表的一系列重要论述，科学回答了“培养什么人、怎样培养人、为谁培养人”的根本问题，深化了对我国教育事业的规律性认识，对于新时代新征程办好人民满意的教育，全面贯彻党的教育方针，培养德智体美劳全面发展的社会主义建设者和接班人，为全面推进中华民族伟大复兴提供有力支撑，具有十分重要的指导意义。
  《论教育》一书，收入党的十八大以来习近平同志关于教育的文稿共四十七篇，其中部分文稿是第一次公开发表。本书有助于广大干部群众深入学习、贯彻习近平同志关于教育的重要论述。"
9787111755579,企业智能化转型方法与实践:联想启示录,本书基于联想集团的智能化转型历程，以及转型过程中沉淀的经验、方法和案例，阐述了智能化转型战略的制定、业务的智能化运营、数字底座的建设与发展、数字化人才和组织的升级，以及联想内生外化的典型案例，并详细地介绍了主价值链中智能产研、智能供应链、智能营销、智能服务，以及辅助价值链中的人力、财务、法务等。全书系统地梳理了联想智能化转型历程，希望通过实战讲解，给处在数字化、智能化转型中或正在谋划数字化、智能化转型的企业以启发。
9787519478209,点透成功:小句子里的大道理,本书一共分为人性篇、处世篇、商业篇、智谋篇、人际篇、行动篇、品行篇，每个大类下又划分多个小类，涵盖为人处世、工作、商业生活的方方面面，每一条都是高度浓缩的真理，给人珍贵的洞见，让人参透工作和生活，立于不败之地。可以当日常生活的参考书看，让人茅塞顿开，少走弯路，可以当写作和演讲的工具书用，积累素材，高级表达。
9787521767742,三生万物,"本书是作者对人生的一次真诚回望，分享成长经历，忆述职业生涯，探讨人生意义。
  书中记叙了作者执掌三大央企期间的诸多片段，既有华润置地挂牌上市，中粮成功并购尼德拉、来宝农业，中化集团和中国化工顺利合并等高光时刻，也有人才的选拔培养、团队的整合激励等日常功夫，并对这些片段进行复盘，提炼出经营的原则理念。
  作者也分享了自己从小城青年到商界领袖的成长过程，回忆对自己影响深远的人、书、事，追溯思考与行事逻辑的源头，总结人生的诸多问题和答案，与读者分享心中那片皓月当空、繁花似锦的“三生万物”之境。"
9787513677509,办事兵法,"《办事兵法》汲取《孙子兵法》《六韬》《三略》等古代兵书的精华，将蕴含其中的兵家思想和策略巧妙地转化为现代人在各种场景中办事的方法和思路。由此，本书不仅是对历史的融合和传承，更是对兵法智慧的提炼和创新应用。
  全书共分为九个章节，分别为攻心计、协和计、借势计、奇正计、刚柔计、虚实计、权宜计、进退计、晋升计。每一章节都将相关兵法的“套路”与办事实践相结合。
  精彩纷呈的语言、生动形象的案例以及深入浅出的解析，使读者在轻松愉快的阅读过程中，领略到本书的精髓。其中蕴含的策略和技巧不仅实用性强，而且具有普遍性，适用于各种场合和不同人群。"
9787557020132,如果历史是一群喵(4)-东汉末年篇,"《如果历史是一群喵4·东汉末年篇》是漫画家肥志编绘的历史漫画系列续作第四卷。“如果历史是一群喵”系列以喵咪+历史故事的讲史风格，解读古代中国数千/年来一众英雄豪杰升迁称霸的历史故事。第四卷“东汉末年篇”延续前三卷的故事，讲述汉室衰微，天下陷入纷乱，东汉从辉煌到覆灭的历程。曹操、刘备、孙权等历史群雄将依次登场，演绎他们各自的“草创故事”，揭开三国纷争的序幕。
 表面光鲜强大的汉帝国，其实内里已经乱成一锅粥？宦官家庭出身的“热血青年”曹操喵怎么一步步组织自己的势力，杀出重围？得到曹操喵赏识的刘备喵又为什么一直想“解约单飞”呢？第四卷“东汉末年篇”将以《后汉书》《三国志》《资治通鉴》等历史文献为依据，用一种现代视角再现官渡之战、赤壁之战等多场经典战例，群喵开战，一触即发！"
9787557020149,如果历史是一群喵(5)-乱世三国篇,"《如果历史是一群喵5·乱世三国篇》是漫画家肥志编绘的历史漫画系列续作第五卷，承接第四卷“东汉末年篇”赤壁之战结束后，三国鼎立的局面正式展开。三国是中国历史上极受后人关注、永/不缺“流量热度”的英雄时代，也是中国历史上ZUI为精彩的乱世。肥志及他的团队将在本卷中，通过十二只喵咪把三国向你娓娓道来，还原一个个扑朔迷离的历史故事，告诉你三国为什么这么火！
 守业小鲜肉孙权喵遇上创业老腊肉刘备喵，为何把荆州也赔进去呢？荆州的网红读书人诸葛亮喵，为什么会肩负起一个国家的命运？“隐忍之鬼”司马懿喵和曹家有什么恩恩怨怨？第五卷“乱世三国篇”将为你展现一个充满智慧较量，让“友谊的小船说翻就翻”的三国时代。"
9787574219045,5分钟漫画掌控人性,本书是洞悉人性规则的读本，是为人处世、行走社会的指南。书中通过现实与历史的案例、故事深刻揭示了亘古不变的人性逻辑，书中的很多说法都打破了常规思维，从全新的角度诠释人性的幽微。本书将有助于读者拨开层层迷雾，看清人性的本质与真相。
9787569954814,她们何以不同:52个生活之问,《她们何以不同：52个生活之问》是复旦大学教授梁永安老师的全新文化评论集。梁永安老师结合自身阅历和对社会的透视，对青年文化现象和青年精神状态，包括女性群体现状进行了深入的分析和阐述。为什么女性是一种处境？什么是女性的独立意志与自由？女性如何拥有配得感以及如何过上丰盛人生？女性一定要进入婚姻吗？为什么我们维持长期关系的意愿降低了？在人人活在算法的AI时代里，在这个不确定的时代，我们如何安身立命？你所热爱的东西都是别人设计的，都不是自己打造的，年轻人尤其是女性群体有着 大的不安定感和倦怠感。通过52个生活之问，愿大家能在这个转型社会，避免生活在“平静的 望”中不断提升自己转场的能力，在交流与互补中，活出自我。在差异化社会中开拓自我价值，活得浪漫又专业。
9787551831383,道德经(帛书版全本全译全析),"本书由老庄哲学领域的新生代学者秦复观毕20余年之功全新校注解析。
  全本：正本清源。以帛书版为底本全新勘校。
  全译：随文白话文直译，生僻字随文注音，与传世版本异文的对比，以及由此引发的不同解读。
  全解：多维度逐句解析文意，及其内在逻辑，保证普通人完全读懂《道德经》。
  作者整理定稿的帛书版，与传世版重大差异有140处之多，这影响了我们对老子思想的正确理解，而基于正本的解读，也让以往道德经中多个自相矛盾之处在逻辑上形成了完美自洽。
  这不仅是一部原貌道德经，也是一部可以轻松读懂的道德经。"
9787516838242,"上瘾式存钱:边赚边存,慢慢变富","马斯克说，金钱的本质是信息，是实现资源分配的大型数据库。
  对金钱有概念，是获取财富和守住财富的根本，它包括对赚钱有概念、对花钱有概念、对存钱有概念等多个维度。 对于绝大多数普通人而言，想要慢慢变富，无非开源节流。然而在一定时期内做到开源并不是件容易的事，相比而言，节流更易操作。
  存钱，本质而言存的是一种抵抗风险的能力，存的是一种对抗未来诸多不确定性的安全感，存的是一条人生的退路。
  不过度节省，不过度消费，赚钱的能力和消费的水平要匹配。
  从现在开始吧，哪怕每个月只存一点也没关系，请相信聚沙成塔的力量！"
9787040617009,中华民族共同体概论,"本书以习近平总书记关于加强和改进民族工作的重要思想为“纲”和“魂”，以中华民族数千年来交往交流交融的史实史料为“血”和“肉”，以铸牢中华民族共同体意识为主线，以中华民族“四个共同”为主轴，站在中华民族整体发展的高度，梳理了千百年来中华大地上各民族交往交流交融的历史脉络，系统阐述了中华民族的历史演进规律和从自在到自觉再到自立自强自信的发展历程，揭示了中华民族共同体形成和各个历史时期的阶段性特征，厘清了中华民族、中华民族共同体、铸牢中华民族共同体意识、推进中华民族共同体建设几个重要命题之间的逻辑关系，反映了中国共产党团结带领各族人民建设中国特色社会主义、实现中华民族伟大复兴的政治智慧、理论贡献、实践成果和光明前景。
  本书有助于广大读者特别是各族师生从思想根源上增强对我们这个统一的多民族国家形成和发展过程的认识，增强维护祖国统一和民族团结的自觉性和坚定性，加深对党的民族理论和民族政策的理解，铸牢中华民族共同体意识，为实现中华民族伟大复兴夯基铸魂。"
9787557023041,如果历史是一群喵(7)-隋唐风云篇,"历史再掀起新篇章，“魂穿”喵咪体验隋唐繁华气象！
 《如果历史是一群喵7·隋唐风云篇》是人气漫画家肥志精心编绘的历史漫画系列续作第七卷。魏晋南北朝300多年的乱世结束了，天下又迎来怎样的变化？这次喵咪们将带大家走进中国历史上两个有名的大一统朝代——隋和唐，正文12个精彩故事将围绕这段历史，通过轻松有趣的漫画和史籍文献，展示繁华帝国下的王者争夺战，谁才是坐拥江山的主角？
 第七卷延续系列调皮趣怪的讲史风格，把复杂零碎的知识点串联起来，一旦有了喵咪，再乱的历史也能轻松消化！
 一统天下的隋朝“昙花一现”，“暴君”隋炀帝怎么“好心办坏事”；唐太宗如何统一全国登上帝位，提倡“水能载舟”的治国思想；一代女帝武则天成功上位，女主大戏正式上演！"
9787557030599,如果历史是一群喵(1)-夏商西周篇,"《如果历史是一群喵1·夏商西周篇》是肥志酝酿许久打造的系列“如果历史是一群喵”中的首册，该书以诙谐幽默又接地气的方式，通俗地讲述了夏商西周多个时期的历史故事，比如大禹治水、商汤灭夏、周公治国等无数人熟悉的桥段。在《如果历史是一群喵1·夏商西周篇》中，十二只激萌喵咪演员将化身经典人物，搭配可爱直白的语言重新让你体会历史的魅力。
 
摆脱条条框框、脑袋发麻的枯燥文字，该书不仅收录了一系列历史课堂外的趣闻知识，还穿插了12只喵咪的人设档案，展现它们呆萌、腹黑、热血等不同性格特点的喵生故事，12间喵咪“闺房”也将全部收录。再也不用爬楼存图，你就能将12只喵“抱”在怀里啦！
 
《如果历史是一群喵1·夏商西周篇》是一本让铲屎官尖叫，助学渣翻身的古代萌喵故事绘，让大家在阅读漫画之余感受到中国历史的韵味。"
9787557030582,如果历史是一群喵(2)-春秋战国篇,"《如果历史是一群喵2·春秋战国篇》是肥志笔下“如果历史是一群喵”系列中的第二卷，本卷通过12只喵咪的视角精彩地再现了秦统一天下前的大变革时代。跌宕变幻的局势和各国间的谋略交锋让这段历史尤为出彩，正文13个篇章选取关键历史人物作为节点，来描述这段历史进程，其中不乏关于管仲、商鞅、张仪等享有盛名的名家故事。无论是出身尊贵的帝王喵，还是郁郁不得志的谋士喵，它们都要“亮爪”争天下了！
 
为了打破枯燥无味的历史标签，肥志和他的团队翻遍二十四史，理清时间脉络，还为《如果历史是一群喵2·春秋战国篇》加入了不少如“爱豆”“便当”“群聊”等通俗易懂的现代梗。每回文末搭配严谨的文献参考和新编的知识附录，为你填平历史大坑！另外，12只与中华美食同名的人气喵咪，24则关于它们的日常四格，都一一收录在卷。爱豆喵的情（tu）话（cao），不来了解一下？
 
一本打破次元，满足全年龄阅读的历史读物；一本引爆网络，被老师家长纷纷“安利”的知识国漫；《如果历史是一群喵2·春秋战国篇》用喵咪讲历史，用漫画让两千多前的世界再次鲜活起来。"
9787565847028,非暴力沟通-父母语言训练,本书是一本亲子沟通类读物，对真实的家庭教育案例进行分析总结。全书共分四章，分别从非暴力沟通的话术、正面管教话术、亲子沟通话术、表扬和批评的话术等方面介绍父母与孩子沟通时的方法与技巧。每章后附有“父母话术训练”板块，通过具体的话术建议来帮助父母学会控制自己的情绪，采用“非暴力沟通”这种充满爱的方式和孩子说话，做孩子的知心朋友，让孩子在爱的氛围中快乐成长。全书采用图解的形式，用直观的手绘插图，表现亲子沟通的场景，提升读者的阅读体验，深入理解本书的内涵。
9787511070043,运道:运气的秘密,本书共八章，内容包括：运气是一种境界、眼界——运气的高度、格局——运气的宽度、能力——运气的深度、人际关系——运气的持久度、影响力——运气的广度、社会环境——运气的催化剂、心态——如何看待运气。
9787557021856,如果历史是一群喵(6)-魏晋南北篇,"这群还原历史又不忘耍宝的宝藏喵咪回来了！
  《如果历史是一群喵6·魏晋南北篇》是肥志精心编绘的历史漫画系列续作第六卷，告别纷乱的“三国”，喵咪们将带大家进入一段更加动荡的岁月。它不仅“冷”且“乱”，同时是一个风云迭起，充满分裂融合和权谋争斗的疯狂时代。
  第六卷选取并梳理了关键的人和事作为叙述线索，刘裕、拓跋焘、冯太后、宇文泰等历史人物将化身“喵咪”，重现西晋、东晋十六国、南北朝的春秋变换！
  白痴皇帝在位，“人丑心黑”的南风喵和八个不靠谱的诸王，如何把刚上线的晋朝引向地狱模式？以少胜多的淝水之战到底是怎么逆风翻盘，让雄极一时的霸主扑了？北魏的拓跋焘喵和刘宋的刘义隆喵，到底大战了多少回分出胜负？南北朝大剧，谁又是结局中的胜者？
  一次故事与画面的双重审美之旅，一场没有血浆却充满跌宕的历史体验。《如果历史是一群喵6·魏晋南北篇》再次为大家演绎历史的多种可能。"
9787507347951,论坚持全面依法治国(普及本),"全面依法治国是中国特色社会主义的本质要求和重要保障。党的十八大以来，以习近平同志为核心的党中央从全局和战略高度对全面依法治国作出一系列重大决策部署，推动我国社会主义法制建设发生历史性变革、取得历史性成就，全面依法治国实践取得重大进展。习近平同志围绕坚持全面依法治国发表了一系列重要论述，深刻回答了新时代为什么实行全面依法治国、怎样实行全面依法治国等一系列重大问题，形成了习近平法治思想，明确了全面依法治国的指导思想、发展道路、工作布局、重点任务，是全面依法治国的根本遵循和行动指南，必须长期坚持、不断丰富发展。
  习近平法治思想是马克思主义法治理论中国化最新成果，是习近平新时代中国特色社会主义思想的重要组成部分，对于我们建设社会主义法治国家、推进国家治理体系和治理能力现代化，决胜全面建成小康社会、开启全面建设社会主义现代化国家新征程、实现中华民族伟大复兴的中国梦，具有十分重要的指导意义。为了帮助广大干部群众深入学习贯彻习近平法治思想，我们将习近平的相关论述汇编为《论坚持全面依法治国》一书。
  本书收入党的十八大以来习近平同志关于坚持全面依法治国的文稿共五十四篇，其中许多文稿是首次公开发表。"
9787557024413,如果历史是一群喵(8)-盛世大唐篇,"重启大唐记忆，喵咪们再次走进生命力绵长的帝国故事！
 
《如果历史是一群喵8·盛世大唐篇》是由人气漫画家肥志所编绘的漫画中国史系列全新第八卷。从唐太宗的“贞观之治”到唐玄宗的“开元之治”，唐朝拥有一个个高光时刻，但这个庞大帝国却迎来亡国的结局。第八卷喵咪们将带大家回到千年前的盛世，通过唐玄宗、安禄山、朱温等人物所带来的故事，把唐朝由盛转衰的过程演绎出来。正文12回章节将逐一讲述这个黄金朝代的荣光与波折，安史之乱后、藩镇割据、宦官专权、朋党相争……喵咪们将遭遇什么历史剧变呢？又会迎来怎样的机遇选择？"
9787040609097,中等职业学校教科书.思想政治(基础模块)-哲学与人生,本书为教育部组织编写的中等职业学校思想政治国家统编教材之一。全书重点介绍马克思主义哲学的基本原理及其对人生成长的意义，以马克思主义哲学的唯物论、辩证法、认识论、历史观的基本原理和观点为基本框架，各部分以哲学原理+人生问题进行内容设计，帮助学生掌握马克思主义哲学的基本观点和方法，并能运用于实际生活，引导学生弘扬和践行社会主义核心价值观，在社会生活中进行正确价值判断和行为选择，为学生成长奠定正确的世界观、人生观和价值观基础。全书包括“立足客观实际，树立人生理想”“辩证看问题，走好人生路”“实践出真知，创新增才干”“坚持唯物史观，在奉献中实现人生价值”四个单元。
9787040599008,马克思主义理论研究和建设工程重点教材.马克思主义基本原理(2023年版),本书是高校思想政治理论必修课教材，旨在帮助学生学习和理解马克思主义的基本原理，从整体上把握马克思主义，并学会运用马克思主义的基本原理认识和分析现实问题。本书作为马克思主义理论研究和建设工程重点教材，在《马克思主义基本原理概论(2018年版)》基础上，由中宣部、教育部组织对教材进行全面修订，并根据《新时代学校思想政治理论课改革创新实施方案》对教材名称进行更新，形成新版教材《马克思主义基本原理(2021年版)》。本次修订旨在及时体现党的十九大和十九届二中、三中、四中、五中全会精神，全面体现习近平总书记对马克思主义基本原理的原创性贡献，将习近平新时代中国特色社会主义思想融入教材，从基本原理的高度充分体现党的最新理论创新成果和2018年以来我国社会主义发展成就；同时，吸取学界最新研究成果和广大师生的意见建议，对教材有关内容作相应调整，使理论阐述更具科学性和严谨性，并在呈现方式上作一定调整，适当增加辅文，以更好服务师生为原则，帮助学生更快把握教材内容，体现“教师好用、学生易学”的教材功能。
9787557030162,如果历史是一群喵(12)-元末明初篇,"昔日的强大帝国终将落幕，明朝逆风崛起！
  《如果历史是一群喵》第十二卷“元末明初篇”将延续系列轻松幽默的讲史风格，以独特的漫画形式为大家呈现中国历史上元和明这两个风云朝代的故事。作为一个新生的帝国，元朝面临着重重危机，统治阶层互相内斗、民族矛盾加剧、天灾人祸不断……本卷通俗且生动地梳理了这个“巨人”从兴盛走向覆灭的历程。此外，起义运动风起云涌，朱元璋异军突起，明朝建国之路正式铺开。"
9787505754379,哲学家的狗,"古往今来，你信不信每个哲学大咖的背后都有一只脑洞大开的狗狗？狗狗思考的哲学问题，是成就这些大名鼎鼎的哲学家的关键。
 
从西方哲学三大奠基人——苏格拉底、柏拉图、亚里士多德，到东方圣人孔子、兵圣孙子，再到自由主义之父洛克、启蒙运动泰斗伏尔泰、存在主义创始人克尔凯郭尔、西方现代哲学开创者尼采、存在主义的重量级人物萨特等，这些哲学大咖三观的形成，其实都依仗着他们的狗狗。狗狗看待世界的方式直接决定了哲学家理解世界的方式，这到底是怎么回事呢？
 
这是一群什么样的狗狗？这些狗狗的脑洞究竟有多大?它们又是如何认识和观察世界的？作者跟随狗狗的足迹，以独特的视角带你认识熟悉却又陌生的世界。"
9787303059584,幼儿园教育指导纲要(试行),本书是幼儿园教育指导纲要(试行)试行版本，其内容有第一部分　总则；第二部分　教育内容与要求；一　健康；二　语言；三　社会；四　科学；五　艺术；第三部分　组织与实施；第四部分　教育评价；附录。
9787557017477,如果历史是一群喵(3)-秦楚两汉篇,"《如果历史是一群喵3·秦楚两汉篇》是漫画家肥志编绘的科普漫画系列续作第三卷。“如果历史是一群喵”是一部以华夏历史为主线，由12只可萌可帅的人气喵咪所演绎的历史漫画。第三卷“秦楚两汉篇”收录了正文12个篇章，讲述秦王一统之局，楚汉双雄之争，至光武帝推翻王莽新政，恢复刘氏汉朝期间的权谋争锋。
 
一统天下后，始皇喵到底如何巩固手中霸权，项羽喵和刘邦喵经历了多少次交锋才分出高低，大名鼎鼎的汉武帝为何被后世称为“千古一帝”……肥志与他的团队以二十四史、标准教科书等文献资料作支撑，整理出通俗易懂的故事脉络，还原秦楚两汉时期的精彩故事。
 
此外，《如果历史是一群喵3·秦楚两汉篇》还特别收录全新的知识附录和12只喵咪演员的四格花絮，大量幕后梗为你安排上了！"
9787557028657,如果历史是一群喵(11)-南宋金元篇,"见证南宋脆弱下的繁华，横扫千军的草原帝国正式建立！ 

《如果历史是一群喵》第十一卷“南宋金元篇”将继续讲述这一段中国历史上多民族政权并立的混战时期。在下半场的较量中，南宋、金朝、蒙古、西夏之间互相制衡但又融合共通。喵咪们将为大家简明勾勒出这段精彩的历史——曲折多难的南宋从靖康之变走向崖山之战的败亡命运；从成吉思汗到忽必烈，强大的草原民族征西伐东、南攻北战，又将为世界带来怎样的格局变化？“南宋金元篇”将带你用不一样的视野，探索这一段战争史上的传奇！"
9787554622452,做个活得通透的女人,本书告知了我们，现代女性无论是在职场，还是在家庭，只有保持清醒和理性才能真正掌控自己的命运，拥有幸福而美满的一生。通过阅读本书，每一位女性都可以得到治愈，扫除内心的阴霾，让人生变得 开阔。当你的内心风暴快要把你击垮时，就读读这本书。
9787801207944,一生三法:谋关系抓时机敢突破,本书是研究“人生法则”的通俗读物，以加大成功的力度为主旨，对如何理清人与人之间的头绪、抓紧时机、敢于突破进行分析阐述。
9787557027063,如果历史是一群喵(10)-宋辽金夏篇,"饱受争议却始终光芒万丈，那个让无数人又爱又恨的朝代终于来了！

“五代十国”告一段落，《如果历史是一群喵》第十卷将开启中国历史上一段多民族政权并立的篇章。在这一卷中，北宋虽然统一了中原乱局，然而与其同时存在的辽、金、夏政权逐渐崛起壮大，自此纷争迭起，战火连绵，持续着时而和平、时而对立的权力博弈。为何严重“偏科”的宋朝却能成为史学家口中的黄金时代？曾经雄霸一时的大辽如何走向内忧外患，终一溃千里？压迫下的女真族依靠什么实现绝地反击，入主中原？新一卷“宋辽金夏篇”将逐一剖析这段传奇时代下的种种谜团，拨开光怪陆离的烟云。"
9787557025847,如果历史是一群喵(9)-五代十国篇,"天下大乱，群喵并起，这把龙椅到底谁来坐？！
  《如果历史是一群喵9·五代十国篇》是微博知名动漫大V作者肥志精心编绘的历史科普漫画系列第九卷。近三百*年的盛世大唐落幕，中国历史进入一段混乱失序的大分裂时代——五代十国。这个时期跨度虽短，天下却遭遇无比激烈的战乱，君主轮番上位，大大小小的政权纷纷崛起。本卷将以北方、中原、南方三条线来重点叙述，包括邺都之变、世宗革新、陈桥兵变等关键事件的始末缘由。面对这样的大乱局，耶律阿保机、柴荣、赵匡胤等历史人物会做出哪些选择？中华大地又因此产生了什么翻天覆地的变化，一群喵将带你细品那个时代来临的前夜。"
9787523102350,初级会计历年真题与通关密卷(初级会计实务+经济法基础)(全2册),"《初级会计历年真题与通关密卷 初级会计实务》：
  该书分为两个部分，前半部分为初级会计实务历年真题及详解，旨在通过通对真题的分析进一步明晰考点，使考生了解出题难度和常考的考点，让考生在做题的过程中强化对考点的掌握，了解考试出题思路和情境；后半部分为模拟试卷，模拟试卷由具有多年辅导经验的专家依据考试大纲、真题设计，旨在通过模拟应试题目，增强考试的应试能力。
  
  《初级会计历年真题与通关密卷 经济法基础》：
  该书分为两个部分，前半部分为初级会计实务历年真题及详解，旨在通过通对真题的分析进一步明晰考点，使考生了解出题难度和常考的考点，让考生在做题的过程中强化对考点的掌握，了解考试出题思路和情境；后半部分为模拟试卷，模拟试卷由具有多年辅导经验的专家依据考试大纲、真题设计，旨在通过模拟应试题目，增强考试的应试能力。"
9787545490756,2024年度全国会计专业技术资格考试辅导用书.初级会计资格考试-经济法基础,本书共八章，内容包括：总论、会计法律制度、支付结算法律制度、税法概述及货物和劳务税法律制度、所得税法律制度、财产和行为税法律制度、税收征管法律制度、劳动合同与社会保险法律制度。
9787545490749,2024年度全国会计专业技术资格考试辅导用书.初级会计资格考试-初级会计实务,本书共十一章，内容包括：总论、会计基础、资产、负债、所有者权益、收入、费用、利润、财务报告、产品成本核算、政府会计基础。
9787513946766,重生:心理内耗者的自救手册,本书共分九个主题，涵盖了从自卑、社恐到情绪失控，从讨好型人格到原生家庭创伤等内容，每个主题都蕴含着心理学原理，并且作者还分享了相关的心理案例及解决方法。
9787565609565,3-6岁儿童学习与发展指南,本书从健康、语言、社会、科学、艺术五个领域描述3～6岁幼儿的学习与发展，指明了幼儿学习与发展的具体方向，列举了一些能够有效帮助和促进幼儿学习与发展的教育途径与方法。
9787519479466,控局:经世致用的古代智慧,"世事如棋，局势千变万化。在这纷繁复杂的世界中，每个人都身处于或大或小的局势之中，有的人在其中随波逐流，有的人则能够掌控局势，游刃有余。
  

  本书通过历史上优秀的人物故事，如刘邦约法三章取信于民、鲁肃助力孙刘联合抗曹等，以及鲜明的反面教材，如齐康公不思进取终被“田氏代齐”、明英宗刚愎自用成俘虏等，带领读者剥丝抽茧，跳出局面表象，从而成为游刃有余的控局高手。
  

  控局的根本要义就是在把握人性、洞察世事的基础上解决问题，本书除讲述控局要点，还总结了可供借鉴的方法，能够帮助读者在社交、求职、晋升、谈判等方面能够稳定局面，掌握主动权。"
9787040610536,马克思主义理论研究和建设工程重点教材.习近平新时代中国特色社会主义思想概论,该书是中央马工程重点教材，由马克思主义理论研究和建设工程办公室统筹组织编写，是第一部全面系统体现习近平新时代中国特色社会主义思想的全国高校思政课统编教材，由导论、结语和17章正文组成，各章均设有学习要点、本章小结、思考题及总书记金句、知识拓展、图表等多种形式的辅文。全书首先从导论展开，对习近平新时代中国特色社会主义思想作出总体概述，论述了思想的时代背景、主要内容、历史地位等，引导学生深刻领悟“两个确立”的决定性意义。之后五章围绕新时代坚持和发展中国特色社会主义、以中国式现代化全面推进中华民族伟大复兴、坚持党的全面领导、坚持以人民为中心、全面深化改革开放，对当代中国发展进步的方向、领导力量、目标任务、根本立场和动力作出阐释。接下来用七章对经济、教育科技人才、政治、法治、文化、社会、生态等新时代社会主义建设作出阐释，又用五章对国家安全、国防和军队建设、“一国两制”和祖国统一、外交和党建作出全面阐释，最后以结语结束全书，鼓励广大学生牢牢掌握习近平新时代中国特色社会主义思想这个强大思想武器。
9787557421816,大学之大,
9787572617249,规划决定方向:手把手教你稳就业,"这是一本聚焦家长和考生重点关注的工作领域，帮助其科学决策，明确就业发展方向，制定学业规划、备考策略的方法书。

越来越多毕业生倾向选择稳定性更强的职业，如教师、医生、公务员、事业编、国企等，作者团队根据多年实战经验总结以及各高校、就业数据收集分析，帮助学生解决报考相关问题，比如选择公务员还是事业编，它们的区别是什么？招聘流程和考试内容是哪些？体制系统内的单位都有哪些？怎么发挥自己的专业特长和院校优势？等等。本书聚焦于家长和考生重点关注的工作领域，通过梳理与之相关的国考、省考、央企、国企、事业编、军警等，从报考条件、报名流程，薪资待遇，组织，职级划分、对口专业，特色院校，结合真实案例和详实数据，帮助家长和考生科学决策，明确就业发展方向，制定学业规划、备考策略。"
9787516909263,国学经典精粹丛书.易经,本书是中国古代筮占经典，是中国自然哲学的源泉之一，内容涉及天文、地理、乐津、兵法、韵学、算数等。
9787520828949,白手起家:从0创业的108种方法,本书详尽列举了108个适合新手的创业项目，涉及创业新风口、互联网创业、AI创业、短视频创业、网红打卡店、知识付费、文创产品、亲子益智与健身、旅游休闲、新农村创业、技能创业、本地生活、新实体店、新兴服务业、小成本大生意、头脑大风暴等，全面覆盖各类创业领域。
9787210155669,江西省重点普及法律法规以案释法(2024),
9787521012927,高情绪价值:撬动人际关系的核心秘密,
9787576050066,基础教育教师学,本书是贴近基础教育教师生活的教师学研究，着力于探寻基础教育教师本身为事、为学、为人的自我修为。勾画植根于中国特色社会主义教育沃土，新时代基础教育教师的理想形象，激励教师以教育家精神为高标，在理论和实践结合的高度上增强自身主体性、自觉性，自尊、自律、自强、积极进取、自我超越、创造教书育人新业绩，赢得学生敬爱、人民满意、社会尊重。
9787550212329,易经大全:30天学会《易经》(超值精装典藏版),《易经大全：30天学会（超值精装典藏版）》共分上下两篇，上篇《〈易经〉统论》阐释了《易经》的内涵和外延，让读者真正明白《易经》所来、所述、所含，影响范围之广之深；下篇《〈易经〉六十四卦断易天机》为六十四卦的详细解析和占断，让艰涩的古文瞬间变得清晰可读，其中所涉及的占断之事也关系到生活的方方面面，帮助读者收获理想人生。附录是《易经》原文，方便有需要的读者查阅。为了让读者更方便地习得《易经》的精髓，《易经大全：30天学会（超值精装典藏版）》采用了一问一答的形式，近六百个易学问题，帮助读者成为易学高手。总之，《易经大全：30天学会（超值精装典藏版）》是一本不可多得的易学普及读物，深入浅出的讲解方式，图文并茂的编排方式，让读者能真正读懂并学会运用《易经》，在人生旅途中一帆风顺。
9787520829847,投资人的33种顶级思维方式,顶尖的投资人思考交易的核心是理性。就是这么简单。但是简单是简单，常人却很难做到。作为一个投资者，以平和心态看待成败得失，成功的事情简单重复去做，是投资者追求的最高境界。一个人的投资命运、结局，主要不是外在市场原因造成的，而是源于投资者本身。本书告诉读者，成熟的投资交易是什么？成熟的投资交易就是面对着一大堆的名利诱惑而依然能够冷静地思考。人经常是处于非理性的状态，特别是金钱与风险如影随形的市场中，能保持理性更是难上加难。而这种排除干扰，依然能够进行强逻辑的思考的能力才是顶尖投资人的基本素质。为什么他们能够具备这样的素质？原因就在于他们思维方式与众不同。本书列举并分析了投资人的33种顶级思维方式，能够在你做投资交易时帮到你。
9787574219113,高情商恋爱术,本书描述了男女在情感需求与表达方面的区别，探讨了他们坠入情网的缘由和过程，并由此引导我们通过各种语言以及非语言的方法与技巧，博得意中人的青睐，收获心目中的理想爱情。
9787516837306,做孩子的心理医生(案例实用版),无论哪个年龄段的孩子，无论是什么性格的孩子，都有自己的小心事。那么，作为与孩子关系最近的家长，孩子的心事你懂吗？孩子的喜怒哀乐你看到了吗？这是一本青少年心理故事书。作者选取了很有代表性的20个“问题少年”，他们包括无法沟通的“刺儿头”，有青春期叛逆的孩子，有打不开心结的孩子，有很努力但考试成绩不理想的孩子，有自暴自弃的“富二代”，有家庭破裂之后的孩子，有孤独自卑的孩子，有得不到关爱的孩子，有对世界充满敌意的孩子，有情绪失控的孩子……这些孩子的主要“病因”来自原生家庭的各种问题，也源于他们青春期敏感又脆弱的神经。这些表现都正常吗？这些问题可以被“治愈”吗？让我们跟随作者生动的妙笔，试着去做孩子的心理医生，走进孩子们的内心世界，读懂孩子、尊重孩子、呵护孩子，让孩子积极向上、乐观自信、健康成长。
9787503945717,中国传统文化实用丛书.图解风水入门(全图解),风水又名堪舆、图宅。“堪，天道也；舆，地道也。”可见，风水是一门研究天地之道，进而为人类创造更好的生存环境的学问。风水的起源可以上溯到原始狩猎时期。那时，人们为了生存而选择避风向阳的洞穴作为住所，这是人类最早对风水的认识和应用。一直到后来河图洛书的出现、先天八卦和后天八卦的推演、风水术的产生，都是先哲们对天地宇宙的进一步认识和理解，风水术从此成为国人生活中不可或缺的重要内容。经过历史的沉淀，风水学早己渗透进了我们生活的方方面面。自从风水术产生之后，上至帝王将相，下至平民百姓，无论居家经商，还是婚丧嫁娶，中国人的生活就再也没有脱离开风水的影子。不仅历代皇家设置了专门的风水机构——司天监，负责为皇家查看各种建筑和陵墓的风水、管理天文历法和农事气象，普通百姓在结婚嫁娶时为图个吉利，也喜欢请风水师查看两人是相合还是相冲、相克，进而选择一个好日子，确定一个下轿方向；遇到丧事时也会为亡者选择一个好的风水宝地和下葬时间以及一个好的安卧方位，以求亡者安息、生者兴旺。直到现在，人们还在受着这种观念的影响。可见，风水对人类历史的影响之深。所以，风水术其实是一种传统文化观，一种广泛流传的民俗，一种趋吉避凶的术数，一种有关环境与人的学问。从现代科学理论来看，风水学是地球物理学、地质学、环境景观学、自然生态建筑学、天体运行方位学等的一门综合类科学。风水，早已不再是迷信的代名词。为了让大家轻松掌握风水这门重要的传统文化，使看似神秘的风水文化走进千家万户，作者特意编写了本书。书中既有风水的渊源，风水的科学性，工具的应用，又对居家、商业、职场、招财、情感、学业、健康等多方面的风水布局进行了详细的分析和讲解。通俗易懂的文字解说、200余幅图片和图解示例的展示，定会让你快速走进风水的殿堂，轻松改变你生活中的不利因素，达到趋吉避凶的目的。最后，作者还要指出，虽然风水对人类生活的作用不可抹杀，但是，风水毕竟只是影响人生活的一种环境力量，如果自己不努力，却一味地迷信风水，到头来只能一事无成，回头还要埋怨风水的不好。当然，忽视风水的作用而只是一味低头蛮干也难有所成，只有将这种外在的影响力量和个人努力结合起来，才会使你在做任何事情时都一往无前。
9787040622911,马克思主义理论研究和建设工程重点教材.新时代中国特色社会主义理论与实践(2024年版),"本书是马克思主义理论研究和建设工程重点教材，硕士研究生思想政治理论课必修课教材。此次教材修订的总体思路是：坚持以习近平新时代中国特色社会主义思想为指导，深入学习党的二十大和十九届六中全会精神，全面反映2021年版教材出版使用以来党的理论创新和实践创新成果，通过全面修订教材，推动党的理论创新成果与学科知识有机融合，统筹考虑本科生《习近平新时代中国特色社会主义思想概论》教材的关系，尽量避免简单重复，体现研究生教材相对于本科生教材的螺旋上升和递进关系，努力提升教材的学理性、实效性和适用性，高质量、高水平保障教育教学需要，努力打造“培根铸魂、启智增慧、适应时代要求”的精品教材。
  具体修订内容：为了更好地体现教材在教学内容和教学要求上的新变化，2023年版教材整体保持了21年版导论加十章的结构，四大板块第一板块为“导论”，第二板块为第一章和第二章，这两章对新时代中国特色社会主义理论和实践的主要问题作出阐释，第一章合并了21年版第一章、第一章内容，采用了2021年版的第二章的标题“新时代坚持和发展中国特色社会主义”，第二章“以中国式现代化全面推进中华民族伟大复兴”是全新增加的一个章节，着重阐述中国式现代化的理论体系。第三板块为第三章至第七章，对新时代推进经济建设、政治建设、文化建设、社会建设、生态文明建设的理论和实践问题分五章作出阐释，力求从五大建设的各个方面以及统筹推进“五位一体”总体布局上进行阐述。第四板块为第八章至第十章，分别从“新时代坚持和发展中国特色社会主义的重要保障”“新时代中国特色大国外交与构建人类命运共同体”“新时代坚持和加强党的全面领导与全面从严治党”这三个主要方面，对新时代坚持和发展中国特色社会主义的重要保障、外交与国际战略、坚持党的全面领导和全面从严治党等重要问题作出阐释。"
9787115645494,人设、流量与成交,"短视频已经成为主流互联网用户的重要娱乐方式之一，也是互联网企业重要的流量池和流量来源。但大多数人在创作短视频的过程中会遇到以下问题：不会做内容、内容没流量、内容有流量但没有商业预期、职业内容不变现等。本书为想要在短视频领域拿到结果的个人、创业团队、实体商家等提供了一套打通人设、内容、流量和变现的方法。
  本书针对不会做内容、内容没流量、内容有流量但没有商业预期、职业内容不变现等问题，独创了“孔夫子人设模型”，帮助短视频创作者在恰当的节点植入能力、突发反馈、起因、态度、感悟和发心，捕捉用户的情绪点，激发用户的表达欲，赢得用户的认可、好感和信任，最终拿到想要的结果。
  本书适合想要通过短视频平台搭建人设、获取流量、涨粉、建立影响力并完成变现的个人、创业团队、实体商家等阅读、学习和使用。"
9787567305465,全国普通高等教育“十三五”规划教材(新大纲微课版).大学军事教程,本书共分为九章，前五章为军事理论知识，内容包括中国国防、国家安全、军事思想、现代战争、信息化装备。后四章为军事技能训练方面的知识，内容包括共同条令教育与训练、射击与战术训练、防卫技能与战时防护训练、战备基础与应用训练。
9787555710936,读心术:我知道你在想什么,本书介绍了身体语言在实际的人际交往中所起的作用，具体包括“读人先读心：读懂人性的心理效应”“言为心声：从言谈中洞察人心”“手势动作：从举手投足读懂人心”“兴趣爱好：个人喜好反映的内心世界”等。
9787577107554,2025全国硕士研究生入学统一考试.历年真题详解思想政治理论,本书收录2015-2024年10套全国硕士研究生入学统一考试《思想政治理论》科目真题，后附参考答案及解析。
9787521630794,实用版法律单行本系列(01).中华人民共和国宪法(实用版),本书收录了《中华人民共和国宪法》和历次宪法修正案全文，就重点条文逐条进行了条文加工，以法释法，并链接关联法条。本次改版更是根据新修改的《立法法》对相关内容进行了全面更新。此外，还收录了部分重要的宪法相关法律文件。本书是学习我国宪法相关制度的实用法规工具书。
9787559664464,真希望你也喜欢自己,"这是一本房琪写给所有年轻人的“成长通关秘籍”。
  你是谁、你要去哪里、你该如何抵达、你会选择什么样的战友、你该如何把自己变成方法，5大核心板块，层层递进，颠覆成长背后的底层逻辑！
  用4年时间走遍全国230多个城市，被称为文案天花板，几乎全网都在求一本房琪的说话之道和文案心法。但真的有那些秘诀吗？有技巧更是心法，有认知也要有思考。
  这本书破解了所谓文案以及成长背后最深的底层逻辑：你是一个什么样的人，就会说出什么样的话。你走过什么样的路，做过什么样的选择，见识过什么样的世界，就会写出什么样的文字。用一路走来的每一步，每一次选择和坚守，变成自己说出每一句话的底气。
  所以这本书，就是这样一个肯吃苦，能坚持，保有热爱，从不放弃的女孩一路打怪闯关后留下的武功秘籍和成长方法论。或许每个人的经历都会有各自不同的细节展开，但总有一些相似的关口需要通过。我的方案或许不完全适合你的人生剧本，但喜欢自己、为自己努力永远是颠扑不破的真理。我们能做的只是提供一种思考和模式，你可以从中，找到你自己的路。
  你不需要成为任何人，除了你自己。
  案例+方法，用故事打动，用道理说服。干货满满，实操性非常强！拿来可用！
  房琪姐姐小课堂开课啦，你准备好笔记了吗？"
9787010240121,习近平法治思想学习纲要(小字本),根据党中央统一部署，为把学习贯彻习近平新时代中国特色社会主义思想特别是习近平法治思想不断引向深入，中央宣传部、中央依法治国办组织编写了《习近平法治思想学习纲要》。习近平法治思想是马克思主义法治理论中国化的最新成果，是中国特色社会主义法治理论的重大创新发展，是习近平新时代中国特色社会主义思想的重要组成部分，是新时代全面依法治国的根本遵循和行动指南。本书全面反映了习近平新时代中国特色社会主义思想在法治领域的原创新贡献，系统阐释了习近平法治思想的基本精神、基本内容、基本要求，为广大干部群众深入学习贯彻习近平法治思想提供了权威辅助读物。
9787521634334,实用版法律单行本系列(52).中华人民共和国刑法(实用版)(第10版),本书收录了1979年7月1日第五届全国人民代表大会第二次会议通过、1997年3月14日第八届全国人民代表大会第五次会议修订的《中华人民共和国刑法》及历次刑法修正案修改后的文本，就重点条文相关司法解释的延展规定进行附录。此外，还收录了相关规定的条文链接与典型案例裁判要旨。就条文的历次修订沿革做了脚注整理。此外，本书的后半部分附录了《中华人民共和国刑法》历年修正案原文和立法解释，是学习适用我国刑法相关制度的实用图书。
9787304120849,2025考研政治知识点精讲精练,本书共5部分，内容包括：马克思主义基本原理、毛泽东思想和中国特色社会主义理论体系概论、习近平新时代中国特色社会主义思想概论、中国近现代史纲要、思想道德与法治。
9787304116101,2024考研政治终极预测4套卷,本书收录预测卷四套，并附参考答案及解析。末附：分析题背诵提纲、单项选择题背诵关键句总结等。
9787101127867,论语译注(简体字本),“半部《论语》治天下”，自古至今，无论在士人当中还是在老百姓中间，《论语》一书都是中国人的一部不能逾越的圣典。《论语》作为中化文化的源典，其论证的主张思想已浸透到到中国两千多年的政教体制、社会习俗、心理习惯和行为方式里去。如何在新的“文化重建”里使古老的典籍重新释放出新的活力？《论语》是中国儒家的宝典，其中记载着两千五百多年前的孔子和他的弟子的言行。 　　杨伯峻先生《论语译注》向以注释准确、译注平实著称，是当代较好的《论语》读本之一，在学术界和读者中享有盛誉。但因其一直以繁体字本行世，也给不少读者带来了不便。为此，编者改用简体字出版，以满足广大读者的需求。 　　因为改用简体字，原来的个别注释不再适用，编者作了相应的调整。繁体字本中的《试论孔子》、《导言》、《论语词典》等，是杨伯峻先生的研究心得，欲深入学习、研究《论语》或古代汉语的读者，可参阅繁体字《论语译注》。
9787519792008,中华人民共和国突发事件应对法(最新修订版),该书为法律法规单行本，收录《中华人民共和国突发事件应对管理法》的全部法条内容。《突发事件应对管理法》包括总则、管理与指挥体制、预防与应急准备、监测与预警、应急处置与救援、事后恢复与重建、法律责任、附则。该法对突发事件的含义作了诠释，是指突然发生，造成或者可能造成严重社会危害，需要采取应急处置措施予以应对的自然灾害、事故灾难、公共卫生事件和社会安全事件。突发事件的预防与应急准备、监测与预警、应急处置与救援、事后恢复与重建等应对管理活动，适用该法。
9787040609103,中等职业学校教科书.思想政治(基础模块)-职业道德与法治,《职业道德与法治》是中职思政课基础模块课程教材，分别讲解了职业道德和法治的内容。第一单元“感悟道德力量”从中华传统美德的内容及当代价值出发，阐明新时代加强公民道德建设对治国理政和人生发展的作用，明确“四德”中的“三德”要求，提高学生在社会中做一个好公民、在家庭中做一个好成员、在日常生活中养成好品行的自觉性。第二单元“践行职业道德”从社会主义现代化目标对高素质劳动者的迫切需要和职业道德对社会发展及个人成才的作用出发，介绍掌握职业道德规范—践行职业道德规范—提升职业道德境界的内容、途径和方法，提升学生在工作中做一个好建设者的自觉意识和参与实践的积极性。第三单元“增强法治意识”从治国理政角度，阐释法治与生活的关系，我国法治建设成就，全面依法治国的意义、目标、要求，法治中国的愿景以及宪法的地位、作用，增强学生对依宪治国的认识、提高其投身法治中国建设的自觉性。第四单元“遵守法律规范”从法律是治国理政的重器，也是美好生活的保障角度，阐释遵循法律法规、学会依法办事是现代公民的基本素质，也是个人健康成长的基本要求。提高学生自觉守法、遇事找法、解决问题靠法的意识和能力。
9787509805411,《关于若干历史问题的决议》《关于建国以来党的若干历史问题的决议》,本书内容讲述了关于若干历史问题的决议、关于建国以来党的若干历史问题的决议两大部分内容。
9787511371041,"内心强大,谁都伤不了你(平装)",一个拥有强大内心的人，并非总是强势、咄咄逼人的，相反可能是微笑、不紧不慢和沉着淡定的。内心强大是心中的安定与平静。强大不是霸道，而是内心的强大所带给我们的宽容和谦让。本书深入揭示了导致现代人内心弱小的根源，从自信、包容、淡定等方面教会读者如何修炼心灵能量，做内心强大的自己。
9787511367181,儿童行为问题管理手册,本书全面系统地归纳了孩子必须懂得的礼仪常识，内容涉及形象、言谈、品格、情绪、行为、家庭、校园、社会八个方面。让父母可以在日常生活中科学系统地帮助孩子不断提高礼仪修养，让孩子的言谈举止更加地自信和得体。
9787521506518,事业单位考试辅导用书.综合应用能力极致真题解析(综合管理A类),本书收录了2018-2022年10套事业单位公开招聘分类考试综合应用能力(综合管理A类)参考答案及解析。
9787521506556,事业单位考试辅导用书.职业能力倾向测验极致真题解析(综合管理A类),本书收录了2018-2022年事业单位公开招聘分类考试职业能力倾向测验(综合管理A类)试卷10套，并附有参考答案及解析。
9787545569452,侯杨方讲清史.征战:大清帝国的崛起,为什么萨尔浒大战是决定明清命运的关键之战？崇祯皇帝与袁崇焕的一年之痒如何改变战争态势？弘光政权如何在悲壮与绝望中灭亡？雅克萨之战和《尼布楚条约》背后有哪些鲜为人知的故事？清朝巩固疆土的战争给后世带来怎样的深远影响？从萨尔浒之战到大凌河之战，从己巳之变到甲申国变，从平定准噶尔到金川之战，本书详细讲述明清嬗代的完整过程和清朝开疆拓土的历次战争，真实再现了清王朝从一个小部落成长为大帝国的发展历程，揭开大清帝国崛起的众多谜团，是一部征战史、拓疆史。
9787545570519,侯杨方讲清史.名臣:大清帝国的君臣博弈,康熙独宠曹寅家族有哪些不为人知的原因？清朝唯一的汉人大将军岳钟琪如何能得以善终？乾隆真正欣赏的汉人大学士是谁？究竟谁是同光中兴的最高领导？在清朝三百年历史中，除了掌握皇权的帝王外，还有数十名影响王朝命运的重要文臣武将，比如索额图、年羹尧、陈廷敬、张廷玉、福康安、和珅、朱珪、肃顺、奕、李鸿章、袁世凯等，他们在清王朝不同历史阶段发挥着不同的左右王朝走向的作用，他们既是名臣也是棋子，他们的宦海沉浮之路既是王朝兴衰的清晰折射，也带给我们面对大变局时该有的大智慧。本书讲述清朝数十位重要历史人物，是一部讲述个人在时代变迁中不同际遇的沉浮史。
9787552010817,不吼不叫:如何平静地让孩子与父母合作,"理解大吼大叫的深层因素；提供不吼不叫的强力工具。
你真的可以学会停止向孩子吼叫！
本书基于气质研究和正念理论，为你提供强有力的技巧，以减少家庭冲突，促进合作、尊重和相互理解。你还会学到一些策略，帮助你在沮丧达到峰值时管理好自己的压力；掌握实用的解决方法，帮助你恢复冷静，能够以让大人和孩子都受益的方式带着同情心与孩子有效沟通。
作者认为，我们为什么会吼叫有着诸多的原因，必须一一理清，找到属于自己的吼叫原因。这些原因可能有：外部触发的原因，例如孩子哼哼唧唧的抱怨；内部触发的原因，例如个人感到焦虑、失望、害怕等，以及身体健康的原因如缺乏睡眠；家族遗传，自己就是被父母吼大的；父母和孩子气质的差异……每一种原因都会对我们和孩子的关系形成负面的挑战。
许多父母可能知道不应该吼叫，也有改正的想法，却因为不得其法而功亏一篑。针对各种原因，作者提出了诸多不吼不叫的策略和工具：理解自己，自我同情，吼叫的不是你一个人，因此不必为此焦急；观察自己，何时何地你最可能爆发吼叫；了解自己和孩子气质的差异；建立追踪吼叫表，记录事件情形、你的反应、后续发展、事后评估等；停止吼叫的A-B-C-D-E法则：自问（Ask）、呼吸（Breath）、平静自我（Calm yourself）、确定孩子的需要（Decide what your child needs）、应用同理心（Empathize）；管教的4C法：沟通（Communication）、选择（Choices）、结果（Consequences）、连接（Connection）；还有使用定时器，召开家庭会议，运用每日常规、表格和日历等。每一样工具都有丰富的内涵，具有极强的可操作性，并且都是被反复验证行之有效的方法。"
9787545570366,侯杨方讲清史.治世:大清帝国的兴亡启示,上承绪业、下启宏图的皇太极究竟有哪些用人之术？一生英武的康熙大帝为何晚年悲催？雍正和乾隆究竟谁是更残酷的君王？从康乾盛世到晚清败局的转折有哪些发人深省的启示？木兰秋狝和帝王南巡为巩固王朝统治发挥了什么样的作用？一错再错的咸丰皇帝如何影响了近代中国走向？本书讲述了明朝灭亡后，清朝重建统治秩序，开创封建王朝最后一个盛世的历史。作品从笼络人心、皇权巩固、内政民生三个方面，详细分析了清王朝统治的权术策略，分析了封建时代帝国统治的特点，展现了王朝盛世与没落的演化过程，给人以警醒和启示，是一部治世史、兴亡史。
9787515022666,弱传播:舆论世界的哲学,"没有人会忽视舆论的力量，然而舆论是什么？如何产生？有规律可言吗？可以被预测甚至左右吗？
  长期以来，舆论学研究曾经是哲学家对话的天空，现在却沦落为新闻学与传播学的边角料。而大众对舆论的认知，还普遍停留在公共事件、明星热点等范畴。《弱传播》打破了这种局限，把研究视域扩大到了与现实世界共存的舆论世界。
  作者酝酿二十年，写作四年，试图像牛顿总结物理世界的运动定律一般，去构建舆论世界的完整体系。全书由舆论的弱原理、“四大规律”、“三论三律”及一系列的舆论工具组成，富含大量生活日常、政治选战、商业推广、社会事件真实案例。因此《弱传播》既是传授面试、公关、谈判、恋爱乃至夫妻之道中传播技术的实用书，又是处理舆论危机和打舆论战的实战工具书，也是所有媒体人、公众人物和公务员的案头书。见解独到，论述缜密，体系完整，堪称国内首部“舆论世界的哲学”。
  寄望每一个通过舆论改变人生或摆脱困境的人都能从《弱传播》中找到自己的答案。"
9787313200426,普通高等院校公共基础课精品教材.大学生心理健康教育项目化教程,本书共分12个项目，从大学生入学适应、心理健康概述、常见异常心理、自我意识、人格、学习、情绪、人际交往等方面着手，剖析了大学生的心理健康问题。
9787523601198,好爸爸计划:为人父的热爱与智慧,"这是一本由40位来自各行各业的爸爸撰写的真实故事和建议汇集而成的作品，这些爸爸包括职业运动员、电视名人、商人、律师、大学教授，等等。
  2019年年初，作为三个小男孩的父亲，首席运营官兼作家克雷格·凯斯勒在寻找育儿建议时，邀请了几位朋友给他写了一封关于“如何成为一个好爸爸”的信。他在收到回复后深受启发，转而开始为他后来被称为《好爸爸计划》的作品进行额外的编写工作。现在，几年过去了，这本完整的书已经囊括了爸爸们的故事，还有爷爷们的故事和建议。相信这本书中为人父的智慧能够启迪更多的爸爸和准爸爸，做一个更好的爸爸。"
9787520815932,副业赚钱,做好本职工作之外，发展副业也成为很多年轻人的选择。发展副业不仅可以让一个人实现财务自由和积累财富，同时还可以实现个人价值和梦想。想要做好副业，应该从改变思维、时间管理、能力提升、项目选择等方面进行着手，本书从几个方面阐述各种副业的赚钱思维和技巧，力求帮助年轻人快速找到自己的赚钱之道，实现财务自由和财富积累。副业赚钱的能力背后，其实是一系列重要能力的组合。本书就是一本帮助人们尤其是年轻人下班后实现自身价值的能力之书。
9787549641307,"事实:用数据思考,避免情绪化决策(2023修订版)",避免情绪化决策，认识情绪化本能，作出相应改变，摆脱非理性的困扰，重新把能量投入建设性的行为中。一旦你拥有了《事实》提供的思维方式，你就能：远离焦虑、变得乐观、充满希望、变得理性、发现潜在的商机、作出有效决策。避免一分为二：如今不应再把世界分为发达 和发展中 。大部分 都是中等收入 ，而这种传统分类方式很容易让你在现代社会痛失潜在市场；避免以偏概全：在一些城市街头，你会看到很多盖到一半的房子。很容易认为这是因为盖房子的人失去了资金支持，或是做事毫无计划。其实这是房子主人储存财富的聪明办法；避免单一视角：美国人均卫生支出名列世界 。然而美国并非  长寿的 。美国的平均预期寿命只排在第40位；避免情急生乱：“你必须现在就行动，否则就来不及了！”这句话只会带来压力和焦虑。 大多数情况下，我们并不需要立即采取行动，以后仍然会有机会。翻开本书，养成用数据思考的习惯！
9787121440250,高职高专院校新型活页式教材.大学生素质养成教育实训手册(活页式教材),本书以工作页式的活动工单为载体，强化项目导学、自主探学、合作研学、展示赏学、评价反馈，在课程、学生地位、教师角色、课堂、评价等方面全面改革，在评价体系中强调以立德树人为根本，以素质教育为核心，强化“四自能力”培养。
9787514710748,社会主义发展简史(小字本),本书深刻阐明了世界社会主义 500 年发展的曲折历史，阐明了中国特色社会主义历史渊源和发展进程。学习社会主义发展史，有助于认识和把握人类社会发展的历史规律，坚定走中国特色社会主义道路的信念，有助于吸取社会主义发展正反两方面经验教训，更好地推进中国特色社会主义伟大事业，有助于学习和铭记社会主义先辈们对事业的忠诚，矢志不渝为发展中国特色社会主义伟大事业不懈奋斗，有助于加深对中国共产党人初心使命的认识，在新时代更好地为中国人民谋幸福、为中华民族谋复兴。
9787577001180,大学生心理健康素养教程,本书共11章，内容包括：心理与心理健康、自我意识、人格发展、情绪管理、人际交往与人际关系、恋爱观与性心理、学习心理、生涯规划、异常心理、心理创伤与危机干预等。
9787505447844,非暴力管教,本书作者妮可拉·施密特告诉我们，除了指责孩子，还有别的办法。我们可以清晰地表述自己的想法，同时保持对孩子的同情和关爱。书中讲到的创意性解决冲突的建议、减轻日常家庭压力的诀窍，以及自我情绪管理的练习，都会帮助我们用符合天性的方式更好地养育孩子。
9787040609110,中等职业学校教科书.历史(基础模块)-世界历史,"《历史 基础模块 世界历史》依据《中等职业学校历史课程标准(2020年版)》，由教育部组织编写。
  本书内容包括世界古代史、世界近代史和世界现代史。世界古代史包括上古部分1个单元，着重介绍人类早期文明的产生及成就，认识人类文明的多元性和创造性；中古部分1个单元，以空间为序，分头说明不同文明在中古1000年中的发展和变化。世界近代史包括3个单元，从近代欧洲思想解放运动开始，欧洲通过大航海和早期殖民扩张，促进了自身经济的发展，最终确立了资本主义制度。随着工业革命的爆发，资本主义开始向全球扩展，资本主义世界殖民体系最终形成，亚非拉民族民主运动随之兴起。世界现当代史部分3个单元，介绍了从两次世界大战、十月革命，到战后冷战与两极格局的发展变化历程。当今时代重点介绍了现代科技革命对时代的影响，人类的发展所面临诸多严峻挑战。为体现职业教育特色，设置了一节活动课，引导学生思考在现代科技变革的背景下，如何更好地践行工匠精神。
  本书共设8个单元23课，教学时数为27学时；教材框架结构分单元、课、目3个层次；每单元由导语和2～4课组成；每课包括导入语、正文、栏目等内容；书中的栏目主要包括单元导语，课导入图、导入语，思考点，历史纵横，人物扫描，学习探究和拓展阅读。"
9787521506891,事业单位考试辅导用书.综合应用能力(综合管理A类)(2024),本书共四章，内容包括：综合应用能力基础、案例分析题、公文写作题、应急处理实务题。
9787547065365,说话高手,本书是一部讲述如何提高沟通技巧的图书。全书共分为九章，从拿捏分寸、移情换位、巧妙说不、化解矛盾、进退有据、掌握主动、学会赞美、人情之道、避免尬聊等方面，全面介绍说话技巧，讲述内容通俗易懂。书中有别于传统的说教写法，以160余个真实场景为依托，详细阐述了如何在具体语境中发挥语言魅力，如何在最短的时间内学会说好、说巧的说话方法。本书将带领读者在真实场景对话中提升说话的能力，快速成长为说话的高手。全书旨在帮助不善言辞的人提高说话技巧，学会与人愉快有效的沟通。
9787802225817,失落的百年致富圣经,本书介绍了创造财富的方法，共三部分，包括：失落的百年致富圣经、马戏团里的亿万富翁、巴比伦首富的秘密。
9787517410911,中国共产党章程,本书收录了《中国共产党章程》，共十一章，内容包括：党员、党的组织制度、党的中央组织、党的地方组织、党的基层组织、党的干部、党的纪律、党的纪律检查机关、党组、党和共产主义青年团的关系、党徽党旗。
9787521636529,实用版法律单行本系列(05).中华人民共和国民法典(实用版)(2024年修订),《最高人民法院关于适用〈中华人民共和国民法典〉合同编通则若干问题的解释》(以下简称民法典合同编通则司法解释)于2023年12月4日公布。为正确审理合同纠纷案件以及非因合同产生的债权债务关系纠纷案件，依法保护当事人的合法权益，根据《中华人民共和国民法典》《中华人民共和国民事诉讼法》等相关法律规定，最高人民法院结合审判实践，制定民法典合同编通则司法解释。该解释内容对《中华人民共和国民法典》合同编通则在法律适用中的问题进行了回应，对原有规定进一步细化厘清。为使广大读者能够及时了解、学习民法典合同编通则司法解释，我社将出版相关图书，敬请关注图书信息！
9787572617263,选对就有出路:手把手教你报专科,"这是一本帮助家长和学生解决如何报选专科志愿的书。 
  作者团队根据100+名校解析，200+专业解答，1000+学校数据收集，十余年报考指导经验，手把手教你精准填报志愿！详细解读新高考背景下学业规划和选科策略，帮助学生和家长快速学会高效填报高职、专科志愿！解答报志愿时，选学校还是选专业？该不该服从调剂？热门专业和冷门专业都有哪些就业前景？等疑问。本书旨在解决高职、专科段的学生及其家长在志愿填报时遇到的各类问题，涵盖选专业、选学校、选地域、报考技巧、常见问题、补救办法、资料包等7大模块，帮助解决家长和学生报专科志愿遇到的7类问题。"
9787512669826,销售心理学,本书从心理学角度解读销售活动，涉及销售和心理两个学科的内容，以销售活动为主线，系统而科学地讲述了心理学在销售活动中的应用。对销售人员在销售过程中的不同阶段，消费者的不同心理，以及销售人员应该怎样去面对客户等方面都作了详细介绍。
9787509915400,入党积极分子和发展对象培训用书.入党教材(根据党的二十大精神修订),"《入党教材》是中央组织部指定的入党积极分子和发展对象培训教材。这次修订坚持以习近平新时代中国特色社会主义思想为指导，充分体现党的二十大精神和党的十八大以来理论创新成果，充实了中国共产党百年奋斗的光辉历程和历史经验、新时代新征程的使命任务等内容。
  全书观点正确、内容丰富、语言平实，具有较强的思想性、理论性、实践性和可读性。"
9787559435224,神秘的答案之书,"忙碌的生活，快节奏的工作，烦人的感情，无数的选择，无数的困惑和无奈摆在我们面前，这个时候，你只需要打开这本书，拿走一个简单的答案和暗示。
  先想一个最近你特别纠结的问题，然后拿着书专注10秒，再自然、随意地翻开这本书的一页，你就会看到问题的答案。
  是否要去表白？
  同事犯傻要不要告诉他？
  这支股票会不会长？
  地球到底需不需要超人？
  翻开它，你将得到无数的人生解答。"
9787547259467,从零开始学理财,要在今天这个社会站稳脚跟，实现个人财务安全，甚至财务自由，就必须对自己的财务状况负责，学会理财。只有自己的口袋里有钱，才能应对各种各样的生活需要。掌握正确的理财方法，可以让我们始终拥有富足尊贵的生活，让我们尽享财务的自由，从而感到真正的快乐。简单地说。理财就是通过管理钱财使生活水平越来越高，生活质量越来越好。富人之所以能够致富，真正的原因就在于他们拥有良好的理财习惯。其理财的诀窍归结起来就是把爱惜钱、节省钱、用“钱生钱”等作为一种习惯。
9787565628429,2016版幼儿园工作规程(附幼儿园工作规程)(新旧对照),随着《3-6岁儿童学习与发展指南》在各地的贯彻落实，学前教育改革有了深入、迅速的发展。承担学前教育目标重任的幼儿园，应该如何做才能适应新时期要求、符合新形势的发展？新修订的《幼儿园工作规程》的颁布实施完全有助于这一问题的解决。 为适应新形势下学前教育改革发展的需要，进一步加强幼儿园的科学管理，规范办园行为，提高保育和教育质量，教育部对1996年《幼儿园工作规程》进行了修订，形成了新的 2016版《幼儿园工作规程》，对幼儿入园和编班、幼儿园的卫生保健、幼儿园的教育、幼儿园的园舍及设备、幼儿园的工作人员、幼儿园的经费、幼儿园的管理等方面都有详细的规定和说明。该规程的颁布，使幼儿园的管理有规可依，对指导幼儿园办学、管理有重要的价值。
9787521633870,中国共产主义青年团章程(最新修正版),"中国共产主义青年团是中国共产党领导的先进青年的群众组织，是广大青年在实践中学习中国特色社会主义和共产主义的学校，是中国共产党的助手和后备军。《中国共产主义青年团章程》（以下简称团章）是中国共产主义青年团贯彻落实党的精神和领导的行动纲领。《团章》为团的工作确立了基本的准则和依据，是团的宗旨和行为规范，其规定了共青团的纲领、团员的条件及其权利义务、团的组织制度、团的中央组织、团的基层组织、团的地方和军队组织、团的干部等项。
 
2023年6月19至22日，中国共产主义青年团第十九次全国代表大会在北京召开。本次团代会高举习近平新时代中国特色社会主义思想伟大旗帜，根据新形势新任务新要求，对中国共产主义青年团章程进行修改，实现了团章的又一次与时俱进。"
9787545144277,把话说到别人心坎里,在本书中，本书再现了众多人人熟知的生活场景，精于描绘，巧于析理，用特有的轻松、温和、幽默、容智的语言，将作者积累数十年的“嘴”上功夫为读者一一道来。从说话本身蕴涵的“断句”、“顿挫”等技巧，到通过灵活运用说话的技巧，使自己在众多场合得以争取主动、赢得尊重、缓和冲突、化解矛盾、收获成功。
9787521506884,事业单位考试辅导用书.职业能力倾向测验(综合管理A类)(上下)(2024),本书共两册，分为言语理解与表达、判断推理、数量关系、资料分析、常识判断五部分，具体内容包括：判断阅读、语句表达、图形推理、定义判断、类比推理、数学运算、高频考点、真题演练等。
9787040609080,中等职业学校教科书.思想政治(基础模块)-心理健康与职业生涯,本书稿为教育部组织编写的中等职业学校思想政治国家统编教材之一。书稿以习近平新时代中国特色社会主义思想为指导，基于社会发展对中职学生心理素质、职业生涯发展提出的新要求以及心理和谐、职业成才的培养目标，阐释心理健康和职业生涯的知识，引导学生树立心理健康意识，掌握心理调适和职业生涯规划的方法，帮助学生正确处理生活、学习、成长和求职就业中遇到的问题，培育自立自强、敬业乐群的心理品质和自尊自信、理性平和、积极向上的良好心态，为学生成为担当民族复兴大任的时代新人、德智体美劳全面发展的社会主义建设者和接班人奠定坚实基础。
9787222221833,法律的悖论,"《法律的悖论》是中国政法大学罗翔教授普法新作。
  思考生活中的法律问题，常常让我们觉得十分烧脑，一起案件可能推导出相互矛盾的立场，而且这两个立场居然还都非常合理？这都是因为法律中存在着似非而是的悖论。法律中充满着悖论，有些是真悖论，有些是假悖论。罗老师在书中通过14个经典案件，辨析了法律与案件中的盲区，帮助我们看清法治的核心。探讨和思考法律中的悖论，能够锻炼我们的思维，走出偏见与独断，接受多元与包容。"
9787516839799,中国历代状元文章精选,科举制度是隋唐至清以考试选拔官吏的制度。自隋炀帝时始置进士科，至清光绪三十一年(1905 年)废止科举考试为止，在中国历史上存续了一千三百多年。历代有诸多学子参与乡试、会试、殿试等各级考试。其中，殿试高中第一名者便称为状元。朝廷通过殿试策问，提出有关经义或政事等问题，以简策问难，征求对答，用来考察应试者的学术水平和对国家政务的理解能力。本书精选历代状元文章，汇编成集，将繁体字化为简体字，异体字改为通行简化字，根据现代标点符号用法统一进行了标点，方便读者阅读这些殿试文章，汲取知识。
9787517132905,全国各类成人高等学校招生考试真题汇编及全真模拟.政治(专科起点升本科),"本套试卷由15-20年6套真题、6套全真模拟试卷、1本常考、易考点手册组成。
 
试卷搭配详细答案解析，解析按照考情点拨和应试指导的方式展开，充分点明出题人思路和所考查的知识点，更加便于理解和举一反三。
 
此外，本套试卷还随书附赠视频课程、在线题库、手机软件、考前仿真卷4项电子增值，全方位帮助考生快速通关！"
9787550189898,世界简史,《世界简史》是英国著名作家赫伯特·乔治·威尔斯撰写的一部颇具特色的世界史，全书用轻快简洁的笔调把从生命起源以来的生物及人类现阶段所掌握的历史知识，有条不紊地展现在读者面前。上到人类文明的开端、生命的起源、物种的进化，下至第一次世界大战结束，世界政治和经济的重建。对东方文化，包括儒家和道家，均有所涉及。本书将历史知识用科普的形式讲出来，避免了枯燥无味。对于任何喜欢历史并想了解历史的读者来说都很容易产生兴趣并理解内容。
9787040620429,大学生思想热点面对面,本书共包含30个切实反映新时代大学生思想动态与内心关切的热点问题，整理自数十所院校上百名同学提出的200多个“原汁原味”问题。这些问题都是大学生在学习生活中遇到的真实问题，体现了大学生的真情实感、反映了大学生的思考和困惑。其中既包括关于党和国家重大理论的问题，也包括大学生对社会现象的观察与认知，还包括大学生在学习研究中产生的各种疑惑。本书坚持以习近平新时代中国特色社会主义思想为指导，以新时代中国特色社会主义伟大实践为立论基础，对问题的回答不是重复教科书上已有的内容，而是直面当代大学生的真实思想、实际感受，兼具政治性与学理性、价值性与知识性、建设性与批判性。
9787511714152,如何说 孩子才会听 怎么听 孩子才肯说(2012年全新修订版)(平装),《如何说孩子才会听怎么听孩子才肯说(2012年全新修订版)》为了建立这个快乐沟通的平台，围绕“如何说”“怎么听”，作者阿黛尔·法伯、伊莱恩·玛兹丽施从六个方面进行了探讨和实践：帮助孩子面对他们的感受、鼓励孩子与我们合作、代替惩罚的方法、鼓励孩子自立、恰当地赞赏孩子、让孩子从角色中释放。尤为可贵的是作者清晰简洁地创造了一套操作方法，给出了实现这六个方面的30种技巧，辅以大量的常见场景和问题加以说明，并配有相应的练习题。
9787555725190,放下:人生没有什么不可以放下,本书是一部有关心灵修养的成长励志类图书，以敏锐的视角和细腻的笔感，通过现实案例和哲理故事来阐述放下与执著、坚持与变通、失去与得到、豁达与执迷之间的辩证关系，帮助读者走出心理迷茫，拥有阳光心态。作者以敏锐的视角和细腻的笔感，探析人生哲理，透析生活的简单与复杂，写给前仆后继、义无反顾的年轻人。这个世界上每个人都会遇到让自己困惑的事情，美好总是稍纵即逝，有的人总是放不下一切，本书可以在一定程度上帮助读者学会放下，让自己的人生过得更加舒心。
9787121482854,人性铁律,"本书是作者将自身成长经验汇总而创作的漫画集。全书通过100多篇轻松幽默的漫画，生动展现了高情商在日常生活中的重要性。本书犹如一面镜子，直击心灵，让我们在欢笑中看到自己的影子，从而戳中人心的痛点。是一本能让我们在阅读中产生共鸣，获得启示的人生""开悟书”。它教会我们如何理解人生，提升情商，以更好地面对生活的挑战。无论你是正处于人生低谷，还是希望提升自己的人际交往能力，这本书都能为你提供指导和帮助。让我们一起跟随作者的画笔，开启情商提升之旅。"
9787511569868,中国社会各阶层分析(2021年精装增订版),"本书作者根据中国社会各阶层的人群特征、普遍的生存状态和心理状态进行了归类梳理，将中国社会分为当代资产者阶层、当代“买办”者阶层、当代中产者阶层、当代知识分子、城市平民和贫民、农民、中国农民工、中国当代“黑社会”、中国“灰社会”等阶层。
  作者为那些生活在社会各阶层的人们，寻找一份心灵上的寄托与精神上的充实，探寻一系列现实问题的解决方法；以平民视角思考人生和社会中的常态现象及潜在的问题，用从容的心态进行一些新的尝试和突破，力图为各阶层的现实生活寻找他山之石。作者以独特的经历和生活感受，从现实与精神两方面对社会各类问题进行了凝练，启迪人们面对各种各样的现状应该抱有怎样的生存态度。虽然该书于20年前出版，但是它的深刻内涵和独特价值并未因时代变迁而被稀释，对当下仍有借鉴意义和警示意义。而且，此次出版对原作进行了修改和增订，拉近了时代，丰富了内涵，使这部力作更有现实感和可读性。"
9787559476005,风吹哪页读哪页,这是一本写给所有女孩的气质提升速查手册。精选世界范围内的文豪语录、意境绝美的诗词佳句，以及网友们公认的走心金句，历经多次打磨和严选，提炼出这套“气自华”快速上手公式。女孩子的气质，来自文化底蕴。如果你因此书收获了认可、欣赏、夸赞、艳羡，恭喜你，这是你应得的。
9787568417877,“十三五”职业教育国家规划教材.互联网+职教改革新理念教材.校园安全教育,本书用大量案例和原创精美图画的方式，介绍了各种安全知识，内容包括“财产安全防盗防骗”“人身安全珍爱生命”“意外事故不要惊慌”“安全出行平安回家”“社交安全健康网络”“心理安全快乐人生”“步入社会谨防陷阱”“自然灾害沉着应对”“急救处理挽救生命”。
9787511379160,把生活过成你想要的样子,本书从孤独、成长、梦想、感情等多个方面来解读生活，让迷茫、困惑，在喧嚣生活中迷失的你找到你自己。
9787555722854,"好好接话:会说话是优势,会接话才是本事(插图升级版)","本书选取了生活中的对话案例, 根据不同的场景提供了有效的接话模式和技巧。全书共分八部分, 主要内括: 把话接好, 关键在倾听 ; 话题接得准, 无论聊什么都开心 ; 接话接得巧, 才能让谈话更深入等。"
9787115614032,单干:成为超级个体的49个关键动作,"这是一本简单有效却有点反直觉的商业启蒙书。读过之后，你会忍不住感慨：“原来把能力转化成财富这么简单？”
  简单举几个书中的例子：→原来经营一间年入百万的个体工作室，比成为年薪百万的高管简单得多。
  →原来挣不到钱是因为天天琢磨给别人挣钱，只要稍微琢磨一下如何把自己当成一家公司来经营，就有可能挣到钱。
  →原来新手可以用20%的时间从0分做到80分，这是超级个体们的共识。
  →原来个人起步*容易的生意是中高端市场的生意。 →原来聚焦不是只做一件事，而是在一段时间内只做好一件事。
  ……
  作者用3年时间访谈了上百位年入百万的普通人，总结出了他们成为超级个体的成功经验，提炼出5项核心修炼，49个关键动作。
  - 一本教你如何将能力转化为财富的指 导手册。
  - 让你看到人生的更多可能，摆脱职场内卷，突破职业瓶颈。
  - 拥抱一种新的商业思维模式——把自己  当作公司来经营，每个人都能成为自己的CEO。
  运用书中的这套方法，你也可以成为超级个体！
  这本书一定会对你有所启发，帮你完成自我的终生职业规划，尽早踏上个人商业成长之旅！"
9787559655912,鹤老师说经济:揭开财富自由的底层逻辑,千万用户信赖的财经博主鹤老师说经济，手把手带你梳理财富自由的底层逻辑。只有建立极度清晰的底层框架，才能在复杂表象中做出准确判断。全书分为五大板块：认知思维、拆解现象、金融理财、商业逻辑、房产实操。层层递进，带你看透事件背后的经济逻辑，构筑从认知到实操的经济学知识体系。
9787577107547,2025全国硕士研究生入学统一考试历年真题详解-管理类联考综合能力(2015-2024),本书收录2015-2024年10套全国硕士研究生入学统一考试《管理类联考综合能力》科目真题，后附参考答案及解析。
9787512689817,如何走向财富自由之路,本书从财富自由、贫穷的本质、投资理财等基本理念入手，从不同角度对贫穷和致富进行了解读，介绍了普通人走向财富自由的进阶之路——打工、创业、投资的三个阶段以及在不同阶段应该注意的事项，帮你设计走向财富自由之路的最佳路径，增加你人生的选项，不必再为生活奔波，书中还系统地讲解了债券、股票、基金、黄金、保险等投资理财工具的基本知识以及操作技巧，帮你寻找走向财富自由的终极密码，进而有足够的资源过你想过的人生。
9787111551447,红书,荣格是心理学精神分析流派的代表人物之一，《红书》是荣格的私密之作，被视为精神分析学史上重要的未出版著作，由荣格本人亲笔书写及绘图于二百余页手稿之上。《红书》的存在自荣格去世后已广为人知，但一直到近几年，荣格继承人协会才授权此书正式出版，并委托著名的荣格学家索努·沙姆达萨尼进行编辑。《红书》已经超越荣格私人的领域，成为他所有著作及理论的核心，是大量次级文献中被无数次讨论的主题，他从中获取了其日后写作的主要灵感，并由此发展出包括原型、集体无意识等在内的一整套分析心理学理论。
9787010239514,习近平法治思想学习纲要(大字本),根据党中央统一部署，为把学习贯彻习近平新时代中国特色社会主义思想特别是习近平法治思想不断引向深入，中央宣传部、中央依法治国办组织编写了《习近平法治思想学习纲要》。习近平法治思想是马克思主义法治理论中国化的最新成果，是中国特色社会主义法治理论的重大创新发展，是习近平新时代中国特色社会主义思想的重要组成部分，是新时代全面依法治国的根本遵循和行动指南。本书全面反映了习近平新时代中国特色社会主义思想在法治领域的原创新贡献，系统阐释了习近平法治思想的基本精神、基本内容、基本要求，为广大干部群众深入学习贯彻习近平法治思想提供了权威辅助读物。
9787555912545,正念的奇迹:获得身心的安详和悦乐,行走时，修行者应当觉知到他正在行走，坐下时，修行者应当觉知到他正在坐下，躺下时，修行者应当觉知到他正在躺下……无论身体是何种姿势，修行者都应当对此有所觉知。如此修习，修行者才能观照内身，直入正念，安住其中……
9787115581495,津巴多普通心理学(第8版),"本书是“当代心理学的形象与声音”、著名心理学家菲利普·津巴多代表作最新版，作为经典的心理学教材，本书包含14个心理学入门需要学习的主题，分别是心智、生物心理学、感觉与知觉、学习、记忆、思维与智力、毕生发展、意识形态、动机与情绪、人格、社会心理学、心理障碍、心理障碍的治疗，以及从应激到健康和幸福。
  本书最大的特点是每一章均由一个生活中常见的问题引出，并围绕该问题提出相关的心理学细分领域的核心概念，在回答一系列关键问题的过程中帮助学习者建立对该领域的认知。同时，本书还通过“心理学很有用”“试一试！”“写一写”“批判性思维的应用”等版块加强了学习者在日常生活中对心理学知识的应用与深度思考。另外，较之前版本，本书对各个心理学细分领域的新研究都做了大量更新，便于学习者和研究者对自身知识体系进行更新换代。
  本书适合高校与研究机构的心理学研究者与学习者，也适合所有心理学爱好者阅读与参考。"
9787516216507,中华人民共和国宪法,党的十八大以来，在以习近平同志为核心的党中央坚强领导下，党和国家事业取得了历史性成就，发生了历史性变革，推进中国特色社会主义进入了新时代。我国宪法必须随着党领导人民建设中国特色社会主义实践的发展而不断发展。把党的十九大确定的重大理论观点和重大方针政策特别是习近平新时代中国特色社会主义思想载入国家根本法，体现党和国家事业发展的新成就新经验新要求，为新时代坚持和发展中国特色社会主义、实现“两个一百年”奋斗目标和中华民族伟大复兴的中国梦提供有力宪法保障。 2018年3月“全国人民代表大会”和“中国人民政治协商会议”将审议《中华人民共和国宪法修正案》，对宪法进行修改。  64开红皮压纹烫金版  包含根据修正案修改的全新宪法文本，附历次修正案及全国人大常委会关于宪法宣誓制度的决定和宣誓誓词。使用红色特种纸封面，压纹烫金，严肃端庄大气。便于携带  我社出版的《宪法》版本是国家法定正式文本。
9787040605808,中等职业学校教科书.学生学习用书-思想政治 基础模块 中国特色社会主义,本书是中等职业学校思想政治统编教材《中国特色社会主义》的配套学生用书。全书按照主教材的内容和框架进行编写，立足中职生的学习、生活，着眼于中职生的发展需求，坚持“贴近实际、贴近生活、贴近学生”的原则，设置单元学习目标、目标导航、学法指导、能力训练、参与践行、拓展阅读等相关栏目，帮助学生更好地理解主教材、掌握主教材知识。既注重帮助学生进行知识学习和观念形成，更注重对学生的情感培养和行为养成，注重学科核心素养落地，是学生学习的良师益友。
9787511534590,国家公务员录用考试真题系列.历年真题精解-申论(2025),本书汇编2013-2019年的国家公务员考试《申论》省级和地级市两类考试真题，包括整体介绍、材料解读与答案解析等内容。
9787521510553,国家公务员考试辅导用书.申论真题80分-解析(配答题卡)(2025版),本书收录了2020-2024年中央机关及其直属机构录用公务员考试申论极致真题及解析13套。
9787515369846,中国共产主义青年团章程,《中国共产主义青年团章程》是中国共产主义青年团贯彻落实党的精神和领导的行动纲领，集中体现党的理论指导和中国特色社会主义群团发展道路要求，对明确团的属性、推进团的工作、加强团的建设具有重要的宣示、规范和引领作用。2023年6月，中国共产主义青年团第十九次全国代表大会在京召开，团十九大高举习近平新时代中国特色社会主义思想伟大旗帜，根据新形势新任务新要求，对中国共产主义青年团章程作了适当修改，本书为修订后新版团章。
9787509014882,“燧人氏”书系.郭继承人生课:中华经典十三讲,中华民族作为人类历史上最悠久的民族之一，创造了人类文明史上的诸多典范，对人类的文明产生了极为深远的影响。可以说，中华文化对于人们如何提升自己的修为、如何全方位提升人的素质和文明程度，有极为丰富的论述和阐发。本书从中华民族自身的历史文化中间寻求智慧，通过对《尚书》《管子》《大学》《易经》《道德经》《传习录》等经典的解读，总结中华文化如何提升人的修为的论述和启示，希望其成为中国人自身的成才之道。
9787511534606,国家公务员录用考试真题系列.历年真题精解-行政职业能力测验(2025最新版),本书汇编2016-2019年的国家公务员考试《行政职业能力测验》省级和地级市两类考试真题，试题内容涵盖数量关系、判断推理、资料分析、常识判断、言语理解与表达。试卷后附有参考答案及解析。
9787521767780,战略决定一切,"“92派”领军企业家陈东升积淀30年商业智慧首次公开，全面分享泰康保险集团这家世界500强企业从无到有、从小到大、由弱变强战略制胜背后的底层逻辑、价值取向以及方法论。
  从中国嘉德到泰康，从一介书生到一个好的董事长再到成熟的CEO，作者一路摸索、学习、成长，经历了不少挫折，也有很多收获和思考。他最深的体会就是，战略决定一切，战略聚焦就是最大的效率，所有领域都要围绕战略，所有资源都要服从战略。
  在这本书中，作者从定位、战略、治理结构、执行、风险、创新、价值观等七个方面，对其战略思想框架与体系进行全面的梳理与总结，有理论、有案例、有方法，有成功的经验，也有失败的反思，既宏观，又具体，企业家、创业者、管理者、投资人以及任何想成事的人都可以在其中得到借鉴与启示。
  作者认为，中国企业家经过改革开放40多年的市场洗礼，已经积累了丰富的经验与教训，是时候把自己的探索、思考和认识分享出来，作为留给年青一代的礼物。他希望前行者走出来的路，能够为后来者在实践的过程中提供一些参考，让他们少走一点弯路，走得更稳、更远。"
9787559651211,把自己当回事儿,"这是一本杨天真的“沟通秘籍”，用最真诚的方式讲解最有力的沟通之道。
    真诚、直接、解决问题、
    共情、共识、自我沟通，
    6大核心板块，层层递进，破解沟通背后的底层逻辑！
    作者从自身经验出发，聚焦从业以来生活、工作各个场景中的实际案例，真实还原家庭、职场、人际等多层次的沟通场景，并有针对性地提出自己的沟通方法和解决方案。内容体例完整，丰富多元，包括最大化放大自己的优势让自己被看到和被需要、听懂别人的诉求厘清别人的期待、艰难情况下的沟通说服、职场向上沟通、在谈判中掌控全局等等。案例+方法，用故事打动，用道理说服。旨在帮助每一个希望重新认识自己，实现自我突破的你！
    这本书讲的是，我们应该怎样和自己沟通、和世界沟通，以及不辜负自己。
    希望读完这本书，你能找到自己的答案。
    杨老板沟通小课堂开课了，你准备好笔记了吗？"
9787520826464,华夏智库.融资全案:做一家值钱的公司,在金融资本时代，当盈利能力和资产规模已经不能作为企业值钱的评价标准，融资能力和抵御风险能力对于企业的重要意义就凸显出来了。融资能力强，说明企业的上限高；低于风险能力强，则代表企业的下限高。只有下限和上限都高的企业，才能在激烈的市场竞争中立于不败之地。一个企业经营者，如果不懂资本，必将吃天底下 的亏。经营者需要一个深刻了解资本的窗口，本书就为大家打开这样一扇窗。本书以打造一家值钱的公司为核心，结合笔者对资本市场的理解，对融资创业的认知，对 政策趋势的感知，列举了大量具有实战意义的经典案例，让经营者和企业家能够深入剖析自己的公司，并对公司作出基因改造，将“赚钱”的公司升级改造为“值钱”的公司。本书不仅选取了许多具有代表性的案例，实现了理论、案例、方法论的有机结合，还以浅入深出的逻辑进行讲解。笔者希望读者在阅读本书后，能够准确运用书中讲述的理论和方法应对经营中的挑战，掌握打造之前公司的方法，让经营跨上新的台阶。
9787572602603,通透,这是一本从A到Z的人性词典，也是一本关于情商提升、自我认知，内心成长，让你活得自信、明白、通透的人生通关秘籍。大码女装品牌PLUSMALL主理人杨天真，用她丰富的职场、人生、创业经验，以人性的若干关键词入手，贴近生活的案例，妙语连珠的分析，帮助读者深挖人性，了解自我，观察世界，领悟情商的真谛，分析当代人常见的焦虑、社恐、迷茫、纠结等难题，在变化的世界中寻找自己的锚点。
9787542973238,全国银行招聘考试专用教材.银行招聘考试一本通(第3版)(2025中公),"本书第一篇详细分析了六大国有银行、政策性银行、招商银行、广发银行的笔试情况及题型、题量、答题时间。每一章的“考情简介”版块，说明了在考试中不同银行对本章内容的考查情况、本章的高频考点，以帮助考生明确考情，更有针对性地备考，提高效率。
  本书设置多个版块，在考点讲解的基础上提示重点、总结要点、直击难点、指导方法，帮助考生全方位备考。
  【考点拓展】链接相关知识，构建丰富知识网络，生僻考点不遗漏。
  【要点提示】提示易错易混知识、点拨备考方法，指点迷津，事半功倍。
  【命题角度】总结考试命题点，知己知彼，考场实战不慌张。
  【示例】列举具体实例，深化理解考点，复习记得牢更轻松。
  【经典例题】精选典型考题，即学即练，巩固所学，加强记忆。
  【小结】以思维导图总结归纳每节重要考点，清晰明了，一目了然。"
9787519461263,全国高校思政教育立体化精品教材.《思想道德与法治》拓展阅读与实践活动,本书共六章，内容包括：担当复兴大任成就时代新人；领悟人生真谛把握人生方向；追求远大理想坚定崇高信念等。
9787521510645,公务员考试辅导用书.行测的思维(2025版)(共4册),本书讲解了公务员考试行测部分判断推理的解题思维，包括图形推理、定义判断、类比推理、逻辑判断等内容。
9787553530215,一生之敌,《一生之敌》是美国编剧、作家史蒂文·普雷斯菲尔德创作的一本成功励志类书籍。你是你最大的敌人。你本该成为一名画家、企业家、运动员；你本该从昨天开始穿上跑鞋、拿起画笔、出门旅行。你屈服于止痛药、流言蜚语和手机成瘾，你本该成为的人只存在于夜深人静时的幻想。你屈服于这位一生之敌，浪费着自己的天赋。作者普雷斯菲尔德以其自身经验，为读者总结了造成这些困境的根源，并指出这位敌人是我们过上另一种人生面临的最大挑战，而战胜它的方法是付诸行动，成为专业的人。本书适用一切拖延症患者、缺乏行动力犹豫不决的人群，作者在给出一记响亮耳光的同时，也给予了慷慨的激励。
9787040356359,马克思主义理论一级学科硕士研究生教材.马克思主义基本原理专题研究,《马克思主义理论一级学科硕士研究生教材:马克思主义基本原理专题研究》为适应马克思主义理论一级学科硕士研究生课程“马克思主义基本原理专题研究”的教学要求，从马克思主义的整体性出发，《马克思主义理论一级学科硕士研究生教材:马克思主义基本原理专题研究》选择了十三个专题，即马克思主义与当代、科学实践观、社会的本质和结构、社会发展的动力和规律、“以人为本”理论、劳动价值论、剩余价值论、资本主义的社会矛盾及其历史走向、社会主义制度的建立和发展、列宁对社会主义道路的探索、关于共产主义本质规定的若干问题、认识的本质和规律、哲学价值论，突出重点而又较为系统地论述了马克思主义的基本原理，并且有针对性地回答了一些理论和现实问题。
9787115543424,认知觉醒:开启自我改变的原动力,"为什么我们做事总是急于求成、避难趋易？
  所谓有耐心，就是要“咬牙坚持、死磕到底”？
  如何不再用“三分钟热情”和“打鸡血”的方式做事？
  如何保持极度专注？如何消除焦虑？如何提高学习能力？
  这是一部可以穿透时间的个人成长方法论。7大底层概念，20个成长关键词，助你彻底走出焦虑与迷茫，拥有清醒的认知、清楚的目标、清晰的路径、清爽的情绪。
  通过“大脑构造、潜意识、元认知”等思维规律，你将真正看清自己；通过“深度学习、关联、反馈”等事物规律，你将真正看清世界，提升自控力、专注力、学习力……
  只有洞悉底层的内在规律，我们才能真正开启自我改变的原动力。"
